order_id,memo01,memo02,memo03,memo04,memo05,memo06,memo07,memo08,memo09,memo10,quick_flg,quick_memo,invoice_send_type
889,MdlPaygent,"a:6:{s:5:""title"";a:2:{s:4:""name"";s:12:""ATMお支払"";s:5:""value"";b:1;}s:17:""pay_center_number"";a:2:{s:4:""name"";s:18:""収納機関番号"";s:5:""value"";s:0:"""";}s:15:""customer_number"";a:2:{s:4:""name"";s:15:""お客様番号"";s:5:""value"";s:0:"""";}s:11:""conf_number"";a:2:{s:4:""name"";s:12:""確認番号"";s:5:""value"";s:0:"""";}s:18:""payment_limit_date"";a:2:{s:4:""name"";s:15:""お支払期日"";s:5:""value"";s:17:""1970年01月01日"";}s:8:""help_url"";a:2:{s:4:""name"";s:24:""お支払方法の説明"";s:5:""value"";s:61:""http://www.paygent.co.jp/merchant_info/help/shophelp_atm.html"";}}",1,P008,"""customer_family_name_kana""パラメータの値はタイプが不正です。",,,,,,,,
890,MdlPaygent,"a:6:{s:5:""title"";a:2:{s:4:""name"";s:12:""ATMお支払"";s:5:""value"";b:1;}s:17:""pay_center_number"";a:2:{s:4:""name"";s:18:""収納機関番号"";s:5:""value"";s:0:"""";}s:15:""customer_number"";a:2:{s:4:""name"";s:15:""お客様番号"";s:5:""value"";s:0:"""";}s:11:""conf_number"";a:2:{s:4:""name"";s:12:""確認番号"";s:5:""value"";s:0:"""";}s:18:""payment_limit_date"";a:2:{s:4:""name"";s:15:""お支払期日"";s:5:""value"";s:17:""1970年01月01日"";}s:8:""help_url"";a:2:{s:4:""name"";s:24:""お支払方法の説明"";s:5:""value"";s:61:""http://www.paygent.co.jp/merchant_info/help/shophelp_atm.html"";}}",1,P008,"""customer_family_name_kana""パラメータの値はタイプが不正です。",,,,,,,,
894,MdlPaygent,a:0:{},0,,,6579772,,020,,,0,"a:1:{s:13:""payment_class"";i:10;}",
895,MdlPaygent,a:0:{},0,,,6579784,,020,,,0,"a:1:{s:13:""payment_class"";i:10;}",
897,MdlPaygent,a:0:{},0,,,6579824,,020,,,0,"a:1:{s:13:""payment_class"";i:10;}",
898,MdlPaygent,a:0:{},0,,,6579866,,020,,,0,"a:1:{s:13:""payment_class"";i:10;}",
899,MdlPaygent,a:0:{},0,,,6579875,,020,,,0,"a:1:{s:13:""payment_class"";i:10;}",
900,MdlPaygent,a:0:{},0,,,6579887,,020,,,0,"a:1:{s:13:""payment_class"";i:10;}",
901,MdlPaygent,a:0:{},0,,,6579890,,020,,,0,"a:1:{s:13:""payment_class"";i:10;}",
903,MdlPaygent,a:0:{},0,,,6579897,,020,,,0,"a:1:{s:13:""payment_class"";i:10;}",
904,MdlPaygent,a:0:{},0,,,6579906,,020,,,0,"a:1:{s:13:""payment_class"";i:10;}",
905,MdlPaygent,a:0:{},0,,,6579909,,020,,,0,"a:1:{s:13:""payment_class"";i:10;}",
906,MdlPaygent,a:0:{},0,,,6579942,,020,,,0,"a:1:{s:13:""payment_class"";i:10;}",
907,MdlPaygent,a:0:{},0,,,6579960,,020,,,0,"a:1:{s:13:""payment_class"";i:10;}",
908,MdlPaygent,a:0:{},0,,,6579973,,020,,,0,"a:1:{s:13:""payment_class"";i:10;}",
914,MdlPaygent,a:0:{},0,,,6613452,,020,,,0,"a:1:{s:13:""payment_class"";i:10;}",
917,MdlPaygent,a:0:{},0,,,6613582,,020,,,0,"a:1:{s:13:""payment_class"";i:10;}",
918,MdlPaygent,"a:6:{s:5:""title"";a:2:{s:4:""name"";s:12:""ATMお支払"";s:5:""value"";b:1;}s:17:""pay_center_number"";a:2:{s:4:""name"";s:18:""収納機関番号"";s:5:""value"";s:5:""11000"";}s:15:""customer_number"";a:2:{s:4:""name"";s:15:""お客様番号"";s:5:""value"";s:6:""383002"";}s:11:""conf_number"";a:2:{s:4:""name"";s:12:""確認番号"";s:5:""value"";s:4:""1277"";}s:18:""payment_limit_date"";a:2:{s:4:""name"";s:15:""お支払期日"";s:5:""value"";s:17:""2017年11月10日"";}s:8:""help_url"";a:2:{s:4:""name"";s:24:""お支払方法の説明"";s:5:""value"";s:61:""http://www.paygent.co.jp/merchant_info/help/shophelp_atm.html"";}}",0,,,6613621,,010,,,1,"a:4:{s:20:""customer_family_name"";s:6:""本多"";s:13:""customer_name"";s:6:""武敏"";s:25:""customer_family_name_kana"";s:9:""ホンダ"";s:18:""customer_name_kana"";s:12:""タケトシ"";}",
920,MdlPaygent,"a:6:{s:5:""title"";a:2:{s:4:""name"";s:12:""ATMお支払"";s:5:""value"";b:1;}s:17:""pay_center_number"";a:2:{s:4:""name"";s:18:""収納機関番号"";s:5:""value"";s:5:""11000"";}s:15:""customer_number"";a:2:{s:4:""name"";s:15:""お客様番号"";s:5:""value"";s:6:""783003"";}s:11:""conf_number"";a:2:{s:4:""name"";s:12:""確認番号"";s:5:""value"";s:4:""4858"";}s:18:""payment_limit_date"";a:2:{s:4:""name"";s:15:""お支払期日"";s:5:""value"";s:17:""2017年11月10日"";}s:8:""help_url"";a:2:{s:4:""name"";s:24:""お支払方法の説明"";s:5:""value"";s:61:""http://www.paygent.co.jp/merchant_info/help/shophelp_atm.html"";}}",0,,,6613656,,010,,,1,"a:4:{s:20:""customer_family_name"";s:6:""テス"";s:13:""customer_name"";s:6:""テス"";s:25:""customer_family_name_kana"";s:6:""テス"";s:18:""customer_name_kana"";s:6:""テス"";}",
921,MdlPaygent,"a:6:{s:5:""title"";a:2:{s:4:""name"";s:12:""ATMお支払"";s:5:""value"";b:1;}s:17:""pay_center_number"";a:2:{s:4:""name"";s:18:""収納機関番号"";s:5:""value"";s:5:""11000"";}s:15:""customer_number"";a:2:{s:4:""name"";s:15:""お客様番号"";s:5:""value"";s:6:""383004"";}s:11:""conf_number"";a:2:{s:4:""name"";s:12:""確認番号"";s:5:""value"";s:4:""9495"";}s:18:""payment_limit_date"";a:2:{s:4:""name"";s:15:""お支払期日"";s:5:""value"";s:17:""2017年11月10日"";}s:8:""help_url"";a:2:{s:4:""name"";s:24:""お支払方法の説明"";s:5:""value"";s:61:""http://www.paygent.co.jp/merchant_info/help/shophelp_atm.html"";}}",0,,,6613661,,010,,,1,"a:4:{s:20:""customer_family_name"";s:9:""テスト"";s:13:""customer_name"";s:9:""テスト"";s:25:""customer_family_name_kana"";s:9:""テスト"";s:18:""customer_name_kana"";s:9:""テスト"";}",
922,MdlPaygent,"a:6:{s:5:""title"";a:2:{s:4:""name"";s:12:""ATMお支払"";s:5:""value"";b:1;}s:17:""pay_center_number"";a:2:{s:4:""name"";s:18:""収納機関番号"";s:5:""value"";s:5:""11000"";}s:15:""customer_number"";a:2:{s:4:""name"";s:15:""お客様番号"";s:5:""value"";s:6:""883005"";}s:11:""conf_number"";a:2:{s:4:""name"";s:12:""確認番号"";s:5:""value"";s:4:""6503"";}s:18:""payment_limit_date"";a:2:{s:4:""name"";s:15:""お支払期日"";s:5:""value"";s:17:""2017年11月10日"";}s:8:""help_url"";a:2:{s:4:""name"";s:24:""お支払方法の説明"";s:5:""value"";s:61:""http://www.paygent.co.jp/merchant_info/help/shophelp_atm.html"";}}",0,,,6613666,,010,,,1,"a:4:{s:20:""customer_family_name"";s:9:""テスト"";s:13:""customer_name"";s:9:""テスト"";s:25:""customer_family_name_kana"";s:9:""テスト"";s:18:""customer_name_kana"";s:9:""テスト"";}",
923,MdlPaygent,"a:6:{s:5:""title"";a:2:{s:4:""name"";s:12:""ATMお支払"";s:5:""value"";b:1;}s:17:""pay_center_number"";a:2:{s:4:""name"";s:18:""収納機関番号"";s:5:""value"";s:5:""11000"";}s:15:""customer_number"";a:2:{s:4:""name"";s:15:""お客様番号"";s:5:""value"";s:6:""183006"";}s:11:""conf_number"";a:2:{s:4:""name"";s:12:""確認番号"";s:5:""value"";s:4:""7493"";}s:18:""payment_limit_date"";a:2:{s:4:""name"";s:15:""お支払期日"";s:5:""value"";s:17:""2017年11月10日"";}s:8:""help_url"";a:2:{s:4:""name"";s:24:""お支払方法の説明"";s:5:""value"";s:61:""http://www.paygent.co.jp/merchant_info/help/shophelp_atm.html"";}}",0,,,6613709,,010,,,1,"a:4:{s:20:""customer_family_name"";s:9:""テスト"";s:13:""customer_name"";s:9:""テスト"";s:25:""customer_family_name_kana"";s:9:""テスト"";s:18:""customer_name_kana"";s:9:""テスト"";}",
924,MdlPaygent,"a:6:{s:5:""title"";a:2:{s:4:""name"";s:12:""ATMお支払"";s:5:""value"";b:1;}s:17:""pay_center_number"";a:2:{s:4:""name"";s:18:""収納機関番号"";s:5:""value"";s:5:""11000"";}s:15:""customer_number"";a:2:{s:4:""name"";s:15:""お客様番号"";s:5:""value"";s:6:""583007"";}s:11:""conf_number"";a:2:{s:4:""name"";s:12:""確認番号"";s:5:""value"";s:4:""5960"";}s:18:""payment_limit_date"";a:2:{s:4:""name"";s:15:""お支払期日"";s:5:""value"";s:17:""2017年11月10日"";}s:8:""help_url"";a:2:{s:4:""name"";s:24:""お支払方法の説明"";s:5:""value"";s:61:""http://www.paygent.co.jp/merchant_info/help/shophelp_atm.html"";}}",0,,,6613739,,010,,,1,"a:4:{s:20:""customer_family_name"";s:6:""本多"";s:13:""customer_name"";s:6:""武敏"";s:25:""customer_family_name_kana"";s:9:""ホンダ"";s:18:""customer_name_kana"";s:12:""タケトシ"";}",
928,MdlPaygent,a:0:{},0,,,6614449,,020,,,0,"a:1:{s:13:""payment_class"";i:10;}",
938,MdlPaygent,a:0:{},0,,,6614884,,020,,,0,"a:1:{s:13:""payment_class"";i:10;}",
962,MdlPaygent,"a:6:{s:5:""title"";a:2:{s:4:""name"";s:12:""ATMお支払"";s:5:""value"";b:1;}s:17:""pay_center_number"";a:2:{s:4:""name"";s:18:""収納機関番号"";s:5:""value"";s:5:""11000"";}s:15:""customer_number"";a:2:{s:4:""name"";s:15:""お客様番号"";s:5:""value"";s:6:""385733"";}s:11:""conf_number"";a:2:{s:4:""name"";s:12:""確認番号"";s:5:""value"";s:4:""4308"";}s:18:""payment_limit_date"";a:2:{s:4:""name"";s:15:""お支払期日"";s:5:""value"";s:17:""2018年03月09日"";}s:8:""help_url"";a:2:{s:4:""name"";s:24:""お支払方法の説明"";s:5:""value"";s:61:""http://www.paygent.co.jp/merchant_info/help/shophelp_atm.html"";}}",0,,,12030730,,010,,,1,"a:4:{s:20:""customer_family_name"";s:3:""ケ"";s:13:""customer_name"";s:3:""イ"";s:25:""customer_family_name_kana"";s:6:""アン"";s:18:""customer_name_kana"";s:6:""アン"";}",
964,MdlPaygent,"a:6:{s:5:""title"";a:2:{s:4:""name"";s:12:""ATMお支払"";s:5:""value"";b:1;}s:17:""pay_center_number"";a:2:{s:4:""name"";s:18:""収納機関番号"";s:5:""value"";s:5:""11000"";}s:15:""customer_number"";a:2:{s:4:""name"";s:15:""お客様番号"";s:5:""value"";s:6:""885734"";}s:11:""conf_number"";a:2:{s:4:""name"";s:12:""確認番号"";s:5:""value"";s:4:""2291"";}s:18:""payment_limit_date"";a:2:{s:4:""name"";s:15:""お支払期日"";s:5:""value"";s:17:""2018年03月09日"";}s:8:""help_url"";a:2:{s:4:""name"";s:24:""お支払方法の説明"";s:5:""value"";s:61:""http://www.paygent.co.jp/merchant_info/help/shophelp_atm.html"";}}",0,,,12030755,,010,,,1,"a:4:{s:20:""customer_family_name"";s:3:""ケ"";s:13:""customer_name"";s:3:""イ"";s:25:""customer_family_name_kana"";s:6:""アン"";s:18:""customer_name_kana"";s:6:""アン"";}",
966,MdlPaygent,"a:6:{s:5:""title"";a:2:{s:4:""name"";s:12:""ATMお支払"";s:5:""value"";b:1;}s:17:""pay_center_number"";a:2:{s:4:""name"";s:18:""収納機関番号"";s:5:""value"";s:5:""11000"";}s:15:""customer_number"";a:2:{s:4:""name"";s:15:""お客様番号"";s:5:""value"";s:6:""785735"";}s:11:""conf_number"";a:2:{s:4:""name"";s:12:""確認番号"";s:5:""value"";s:4:""7585"";}s:18:""payment_limit_date"";a:2:{s:4:""name"";s:15:""お支払期日"";s:5:""value"";s:17:""2018年03月09日"";}s:8:""help_url"";a:2:{s:4:""name"";s:24:""お支払方法の説明"";s:5:""value"";s:61:""http://www.paygent.co.jp/merchant_info/help/shophelp_atm.html"";}}",0,,,12030810,,010,,,1,"a:4:{s:20:""customer_family_name"";s:3:""ケ"";s:13:""customer_name"";s:3:""イ"";s:25:""customer_family_name_kana"";s:6:""アン"";s:18:""customer_name_kana"";s:6:""アン"";}",
967,MdlPaygent,"a:6:{s:5:""title"";a:2:{s:4:""name"";s:12:""ATMお支払"";s:5:""value"";b:1;}s:17:""pay_center_number"";a:2:{s:4:""name"";s:18:""収納機関番号"";s:5:""value"";s:5:""11000"";}s:15:""customer_number"";a:2:{s:4:""name"";s:15:""お客様番号"";s:5:""value"";s:6:""485736"";}s:11:""conf_number"";a:2:{s:4:""name"";s:12:""確認番号"";s:5:""value"";s:4:""5213"";}s:18:""payment_limit_date"";a:2:{s:4:""name"";s:15:""お支払期日"";s:5:""value"";s:17:""2018年03月09日"";}s:8:""help_url"";a:2:{s:4:""name"";s:24:""お支払方法の説明"";s:5:""value"";s:61:""http://www.paygent.co.jp/merchant_info/help/shophelp_atm.html"";}}",0,,,12030843,,010,,,1,"a:4:{s:20:""customer_family_name"";s:3:""ケ"";s:13:""customer_name"";s:3:""イ"";s:25:""customer_family_name_kana"";s:6:""アン"";s:18:""customer_name_kana"";s:6:""アン"";}",
1019,MdlPaygent,"a:6:{s:5:""title"";a:2:{s:4:""name"";s:12:""ATMお支払"";s:5:""value"";b:1;}s:17:""pay_center_number"";a:2:{s:4:""name"";s:18:""収納機関番号"";s:5:""value"";N;}s:15:""customer_number"";a:2:{s:4:""name"";s:15:""お客様番号"";s:5:""value"";N;}s:11:""conf_number"";a:2:{s:4:""name"";s:12:""確認番号"";s:5:""value"";N;}s:18:""payment_limit_date"";a:2:{s:4:""name"";s:15:""お支払期日"";s:5:""value"";s:17:""1970年01月01日"";}s:8:""help_url"";a:2:{s:4:""name"";s:24:""お支払方法の説明"";s:5:""value"";s:61:""http://www.paygent.co.jp/merchant_info/help/shophelp_atm.html"";}}",,,,,,,,,,,
1033,MdlPaygent,a:0:{},,,,,,,,,,,
1034,MdlPaygent,a:0:{},,,,,,,,,,,
1036,MdlPaygent,"a:6:{s:5:""title"";a:2:{s:4:""name"";s:12:""ATMお支払"";s:5:""value"";b:1;}s:17:""pay_center_number"";a:2:{s:4:""name"";s:18:""収納機関番号"";s:5:""value"";N;}s:15:""customer_number"";a:2:{s:4:""name"";s:15:""お客様番号"";s:5:""value"";N;}s:11:""conf_number"";a:2:{s:4:""name"";s:12:""確認番号"";s:5:""value"";N;}s:18:""payment_limit_date"";a:2:{s:4:""name"";s:15:""お支払期日"";s:5:""value"";s:17:""1970年01月01日"";}s:8:""help_url"";a:2:{s:4:""name"";s:24:""お支払方法の説明"";s:5:""value"";s:61:""http://www.paygent.co.jp/merchant_info/help/shophelp_atm.html"";}}",,,,,,,,,,,
1042,MdlPaygent,"a:6:{s:5:""title"";a:2:{s:4:""name"";s:12:""ATMお支払"";s:5:""value"";b:1;}s:17:""pay_center_number"";a:2:{s:4:""name"";s:18:""収納機関番号"";s:5:""value"";N;}s:15:""customer_number"";a:2:{s:4:""name"";s:15:""お客様番号"";s:5:""value"";N;}s:11:""conf_number"";a:2:{s:4:""name"";s:12:""確認番号"";s:5:""value"";N;}s:18:""payment_limit_date"";a:2:{s:4:""name"";s:15:""お支払期日"";s:5:""value"";s:17:""1970年01月01日"";}s:8:""help_url"";a:2:{s:4:""name"";s:24:""お支払方法の説明"";s:5:""value"";s:61:""http://www.paygent.co.jp/merchant_info/help/shophelp_atm.html"";}}",,,,,,,,,,,
1138,MdlPaygent,a:0:{},,,,,,,,,,,
1174,MdlPaygent,a:0:{},,,,,,,,,,,
1175,MdlPaygent,a:0:{},,,,,,,,,,,
1176,MdlPaygent,a:0:{},,,,,,,,,,,
1177,MdlPaygent,a:0:{},,,,,,,,,,,
1178,MdlPaygent,a:0:{},,,,,,,,,,,
1183,MdlPaygent,a:0:{},,,,,,,,,,,
1216,MdlPaygent,"a:6:{s:5:""title"";a:2:{s:4:""name"";s:12:""ATMお支払"";s:5:""value"";b:1;}s:17:""pay_center_number"";a:2:{s:4:""name"";s:18:""収納機関番号"";s:5:""value"";N;}s:15:""customer_number"";a:2:{s:4:""name"";s:15:""お客様番号"";s:5:""value"";N;}s:11:""conf_number"";a:2:{s:4:""name"";s:12:""確認番号"";s:5:""value"";N;}s:18:""payment_limit_date"";a:2:{s:4:""name"";s:15:""お支払期日"";s:5:""value"";s:17:""1970年01月01日"";}s:8:""help_url"";a:2:{s:4:""name"";s:24:""お支払方法の説明"";s:5:""value"";s:61:""http://www.paygent.co.jp/merchant_info/help/shophelp_atm.html"";}}",,,,,,,,,,,
1218,MdlPaygent,a:0:{},,,,,,,,,,,
1219,MdlPaygent,"a:6:{s:5:""title"";a:2:{s:4:""name"";s:12:""ATMお支払"";s:5:""value"";b:1;}s:17:""pay_center_number"";a:2:{s:4:""name"";s:18:""収納機関番号"";s:5:""value"";N;}s:15:""customer_number"";a:2:{s:4:""name"";s:15:""お客様番号"";s:5:""value"";N;}s:11:""conf_number"";a:2:{s:4:""name"";s:12:""確認番号"";s:5:""value"";N;}s:18:""payment_limit_date"";a:2:{s:4:""name"";s:15:""お支払期日"";s:5:""value"";s:17:""1970年01月01日"";}s:8:""help_url"";a:2:{s:4:""name"";s:24:""お支払方法の説明"";s:5:""value"";s:61:""http://www.paygent.co.jp/merchant_info/help/shophelp_atm.html"";}}",,,,,,,,,,,
1221,MdlPaygent,a:0:{},,,,,,,,,,,
1259,MdlPaygent,"a:6:{s:5:""title"";a:2:{s:4:""name"";s:12:""ATMお支払"";s:5:""value"";b:1;}s:17:""pay_center_number"";a:2:{s:4:""name"";s:18:""収納機関番号"";s:5:""value"";N;}s:15:""customer_number"";a:2:{s:4:""name"";s:15:""お客様番号"";s:5:""value"";N;}s:11:""conf_number"";a:2:{s:4:""name"";s:12:""確認番号"";s:5:""value"";N;}s:18:""payment_limit_date"";a:2:{s:4:""name"";s:15:""お支払期日"";s:5:""value"";s:17:""1970年01月01日"";}s:8:""help_url"";a:2:{s:4:""name"";s:24:""お支払方法の説明"";s:5:""value"";s:61:""http://www.paygent.co.jp/merchant_info/help/shophelp_atm.html"";}}",,,,,,,,,,,
1260,MdlPaygent,"a:6:{s:5:""title"";a:2:{s:4:""name"";s:12:""ATMお支払"";s:5:""value"";b:1;}s:17:""pay_center_number"";a:2:{s:4:""name"";s:18:""収納機関番号"";s:5:""value"";N;}s:15:""customer_number"";a:2:{s:4:""name"";s:15:""お客様番号"";s:5:""value"";N;}s:11:""conf_number"";a:2:{s:4:""name"";s:12:""確認番号"";s:5:""value"";N;}s:18:""payment_limit_date"";a:2:{s:4:""name"";s:15:""お支払期日"";s:5:""value"";s:17:""1970年01月01日"";}s:8:""help_url"";a:2:{s:4:""name"";s:24:""お支払方法の説明"";s:5:""value"";s:61:""http://www.paygent.co.jp/merchant_info/help/shophelp_atm.html"";}}",,,,,,,,,,,
1261,MdlPaygent,"a:6:{s:5:""title"";a:2:{s:4:""name"";s:12:""ATMお支払"";s:5:""value"";b:1;}s:17:""pay_center_number"";a:2:{s:4:""name"";s:18:""収納機関番号"";s:5:""value"";N;}s:15:""customer_number"";a:2:{s:4:""name"";s:15:""お客様番号"";s:5:""value"";N;}s:11:""conf_number"";a:2:{s:4:""name"";s:12:""確認番号"";s:5:""value"";N;}s:18:""payment_limit_date"";a:2:{s:4:""name"";s:15:""お支払期日"";s:5:""value"";s:17:""1970年01月01日"";}s:8:""help_url"";a:2:{s:4:""name"";s:24:""お支払方法の説明"";s:5:""value"";s:61:""http://www.paygent.co.jp/merchant_info/help/shophelp_atm.html"";}}",,,,,,,,,,,
1262,MdlPaygent,"a:6:{s:5:""title"";a:2:{s:4:""name"";s:12:""ATMお支払"";s:5:""value"";b:1;}s:17:""pay_center_number"";a:2:{s:4:""name"";s:18:""収納機関番号"";s:5:""value"";N;}s:15:""customer_number"";a:2:{s:4:""name"";s:15:""お客様番号"";s:5:""value"";N;}s:11:""conf_number"";a:2:{s:4:""name"";s:12:""確認番号"";s:5:""value"";N;}s:18:""payment_limit_date"";a:2:{s:4:""name"";s:15:""お支払期日"";s:5:""value"";s:17:""1970年01月01日"";}s:8:""help_url"";a:2:{s:4:""name"";s:24:""お支払方法の説明"";s:5:""value"";s:61:""http://www.paygent.co.jp/merchant_info/help/shophelp_atm.html"";}}",,,,,,,,,,,
1263,MdlPaygent,"a:6:{s:5:""title"";a:2:{s:4:""name"";s:12:""ATMお支払"";s:5:""value"";b:1;}s:17:""pay_center_number"";a:2:{s:4:""name"";s:18:""収納機関番号"";s:5:""value"";N;}s:15:""customer_number"";a:2:{s:4:""name"";s:15:""お客様番号"";s:5:""value"";N;}s:11:""conf_number"";a:2:{s:4:""name"";s:12:""確認番号"";s:5:""value"";N;}s:18:""payment_limit_date"";a:2:{s:4:""name"";s:15:""お支払期日"";s:5:""value"";s:17:""1970年01月01日"";}s:8:""help_url"";a:2:{s:4:""name"";s:24:""お支払方法の説明"";s:5:""value"";s:61:""http://www.paygent.co.jp/merchant_info/help/shophelp_atm.html"";}}",,,,,,,,,,,
1267,MdlPaygent,"a:6:{s:5:""title"";a:2:{s:4:""name"";s:12:""ATMお支払"";s:5:""value"";b:1;}s:17:""pay_center_number"";a:2:{s:4:""name"";s:18:""収納機関番号"";s:5:""value"";N;}s:15:""customer_number"";a:2:{s:4:""name"";s:15:""お客様番号"";s:5:""value"";N;}s:11:""conf_number"";a:2:{s:4:""name"";s:12:""確認番号"";s:5:""value"";N;}s:18:""payment_limit_date"";a:2:{s:4:""name"";s:15:""お支払期日"";s:5:""value"";s:17:""1970年01月01日"";}s:8:""help_url"";a:2:{s:4:""name"";s:24:""お支払方法の説明"";s:5:""value"";s:61:""http://www.paygent.co.jp/merchant_info/help/shophelp_atm.html"";}}",,,,,,,,,,,
1268,MdlPaygent,"a:6:{s:5:""title"";a:2:{s:4:""name"";s:12:""ATMお支払"";s:5:""value"";b:1;}s:17:""pay_center_number"";a:2:{s:4:""name"";s:18:""収納機関番号"";s:5:""value"";N;}s:15:""customer_number"";a:2:{s:4:""name"";s:15:""お客様番号"";s:5:""value"";N;}s:11:""conf_number"";a:2:{s:4:""name"";s:12:""確認番号"";s:5:""value"";N;}s:18:""payment_limit_date"";a:2:{s:4:""name"";s:15:""お支払期日"";s:5:""value"";s:17:""1970年01月01日"";}s:8:""help_url"";a:2:{s:4:""name"";s:24:""お支払方法の説明"";s:5:""value"";s:61:""http://www.paygent.co.jp/merchant_info/help/shophelp_atm.html"";}}",,,,,,,,,,,
1269,MdlPaygent,"a:6:{s:5:""title"";a:2:{s:4:""name"";s:12:""ATMお支払"";s:5:""value"";b:1;}s:17:""pay_center_number"";a:2:{s:4:""name"";s:18:""収納機関番号"";s:5:""value"";N;}s:15:""customer_number"";a:2:{s:4:""name"";s:15:""お客様番号"";s:5:""value"";N;}s:11:""conf_number"";a:2:{s:4:""name"";s:12:""確認番号"";s:5:""value"";N;}s:18:""payment_limit_date"";a:2:{s:4:""name"";s:15:""お支払期日"";s:5:""value"";s:17:""1970年01月01日"";}s:8:""help_url"";a:2:{s:4:""name"";s:24:""お支払方法の説明"";s:5:""value"";s:61:""http://www.paygent.co.jp/merchant_info/help/shophelp_atm.html"";}}",,,,,,,,,,,
1270,MdlPaygent,"a:6:{s:5:""title"";a:2:{s:4:""name"";s:12:""ATMお支払"";s:5:""value"";b:1;}s:17:""pay_center_number"";a:2:{s:4:""name"";s:18:""収納機関番号"";s:5:""value"";N;}s:15:""customer_number"";a:2:{s:4:""name"";s:15:""お客様番号"";s:5:""value"";N;}s:11:""conf_number"";a:2:{s:4:""name"";s:12:""確認番号"";s:5:""value"";N;}s:18:""payment_limit_date"";a:2:{s:4:""name"";s:15:""お支払期日"";s:5:""value"";s:17:""1970年01月01日"";}s:8:""help_url"";a:2:{s:4:""name"";s:24:""お支払方法の説明"";s:5:""value"";s:61:""http://www.paygent.co.jp/merchant_info/help/shophelp_atm.html"";}}",,,,,,,,,,,
1271,MdlPaygent,"a:6:{s:5:""title"";a:2:{s:4:""name"";s:12:""ATMお支払"";s:5:""value"";b:1;}s:17:""pay_center_number"";a:2:{s:4:""name"";s:18:""収納機関番号"";s:5:""value"";N;}s:15:""customer_number"";a:2:{s:4:""name"";s:15:""お客様番号"";s:5:""value"";N;}s:11:""conf_number"";a:2:{s:4:""name"";s:12:""確認番号"";s:5:""value"";N;}s:18:""payment_limit_date"";a:2:{s:4:""name"";s:15:""お支払期日"";s:5:""value"";s:17:""1970年01月01日"";}s:8:""help_url"";a:2:{s:4:""name"";s:24:""お支払方法の説明"";s:5:""value"";s:61:""http://www.paygent.co.jp/merchant_info/help/shophelp_atm.html"";}}",,,,,,,,,,,
1272,MdlPaygent,"a:6:{s:5:""title"";a:2:{s:4:""name"";s:12:""ATMお支払"";s:5:""value"";b:1;}s:17:""pay_center_number"";a:2:{s:4:""name"";s:18:""収納機関番号"";s:5:""value"";N;}s:15:""customer_number"";a:2:{s:4:""name"";s:15:""お客様番号"";s:5:""value"";N;}s:11:""conf_number"";a:2:{s:4:""name"";s:12:""確認番号"";s:5:""value"";N;}s:18:""payment_limit_date"";a:2:{s:4:""name"";s:15:""お支払期日"";s:5:""value"";s:17:""1970年01月01日"";}s:8:""help_url"";a:2:{s:4:""name"";s:24:""お支払方法の説明"";s:5:""value"";s:61:""http://www.paygent.co.jp/merchant_info/help/shophelp_atm.html"";}}",,,,,,,,,,,
1273,MdlPaygent,"a:6:{s:5:""title"";a:2:{s:4:""name"";s:12:""ATMお支払"";s:5:""value"";b:1;}s:17:""pay_center_number"";a:2:{s:4:""name"";s:18:""収納機関番号"";s:5:""value"";N;}s:15:""customer_number"";a:2:{s:4:""name"";s:15:""お客様番号"";s:5:""value"";N;}s:11:""conf_number"";a:2:{s:4:""name"";s:12:""確認番号"";s:5:""value"";N;}s:18:""payment_limit_date"";a:2:{s:4:""name"";s:15:""お支払期日"";s:5:""value"";s:17:""1970年01月01日"";}s:8:""help_url"";a:2:{s:4:""name"";s:24:""お支払方法の説明"";s:5:""value"";s:61:""http://www.paygent.co.jp/merchant_info/help/shophelp_atm.html"";}}",,,,,,,,,,,
1278,MdlPaygent,a:0:{},,,,,,,,,,,
1280,MdlPaygent,a:0:{},,,,,,,,,,,
1312,MdlPaygent,"a:6:{s:5:""title"";a:2:{s:4:""name"";s:12:""ATMお支払"";s:5:""value"";b:1;}s:17:""pay_center_number"";a:2:{s:4:""name"";s:18:""収納機関番号"";s:5:""value"";N;}s:15:""customer_number"";a:2:{s:4:""name"";s:15:""お客様番号"";s:5:""value"";N;}s:11:""conf_number"";a:2:{s:4:""name"";s:12:""確認番号"";s:5:""value"";N;}s:18:""payment_limit_date"";a:2:{s:4:""name"";s:15:""お支払期日"";s:5:""value"";s:17:""1970年01月01日"";}s:8:""help_url"";a:2:{s:4:""name"";s:24:""お支払方法の説明"";s:5:""value"";s:61:""http://www.paygent.co.jp/merchant_info/help/shophelp_atm.html"";}}",,,,,,,,,,,
1314,MdlPaygent,a:0:{},,,,,,,,,,,
1368,MdlPaygent,a:0:{},,,,,,,,,,,
