id,plugin_id,event,priority,del_flg,handler,handler_type,create_date,update_date
1,1,eccube.event.render.admin_product_product_edit.before,400,0,addContentOnProductEdit,NORMAL,"2017-03-10 16:43:01","2017-03-10 16:43:01"
2,1,eccube.event.render.admin_product_product_edit.before,399,0,saveExColValue,NORMAL,"2017-03-10 16:43:01","2017-03-10 16:43:01"
3,1,eccube.event.render.admin_product_product_new.before,400,0,addContentOnProductEdit,NORMAL,"2017-03-10 16:43:01","2017-03-10 16:43:01"
4,1,eccube.event.render.admin_product_product_new.before,399,0,saveExColValue,NORMAL,"2017-03-10 16:43:01","2017-03-10 16:43:01"
5,1,eccube.event.controller.product_detail.before,400,0,setExpandColumns,NORMAL,"2017-03-10 16:43:01","2017-03-10 16:43:01"
6,1,eccube.event.controller.product_list.before,400,0,setExpandColumns,NORMAL,"2017-03-10 16:43:01","2017-03-10 16:43:01"
7,1,eccube.event.controller.admin_product.before,400,0,setExpandColumns,NORMAL,"2017-03-10 16:43:01","2017-03-10 16:43:01"
8,1,Admin/Product/product.twig,400,0,onRenderAdminProductNew,NORMAL,"2017-03-10 16:43:01","2017-03-10 16:43:01"
9,1,Admin/Product/csv_product.twig,400,0,onRenderAdminCsvImport,NORMAL,"2017-03-10 16:43:01","2017-03-10 16:43:01"
10,2,admin.product.edit.initialize,400,0,onAdminProductEditInitialize,NORMAL,"2017-03-10 17:00:53","2017-03-10 17:00:53"
11,2,admin.product.edit.complete,400,0,onAdminProductEditComplete,NORMAL,"2017-03-10 17:00:53","2017-03-10 17:00:53"
12,2,Product/detail.twig,400,0,onRenderProductDetail,NORMAL,"2017-03-10 17:00:53","2017-03-10 17:00:53"
13,2,eccube.event.render.admin_product_product_new.before,398,0,onRenderAdminProduct,NORMAL,"2017-03-10 17:00:53","2017-03-10 17:00:53"
14,2,eccube.event.render.admin_product_product_edit.before,398,0,onRenderAdminProduct,NORMAL,"2017-03-10 17:00:53","2017-03-10 17:00:53"
15,2,eccube.event.render.product_detail.before,400,0,onRenderProductDetailBefore,NORMAL,"2017-03-10 17:00:53","2017-03-10 17:00:53"
70,6,admin.product.edit.initialize,398,0,onAdminProductEditInitialize,NORMAL,"2017-05-15 17:54:15","2017-05-15 17:54:15"
71,6,admin.product.edit.complete,398,0,onAdminProductEditComplete,NORMAL,"2017-05-15 17:54:15","2017-05-15 17:54:15"
72,6,admin.customer.edit.index.initialize,400,0,onAdminCustomerEditIndexInitialize,NORMAL,"2017-05-15 17:54:15","2017-05-15 17:54:15"
73,6,admin.customer.edit.index.complete,400,0,onAdminCustomerEditIndexComplete,NORMAL,"2017-05-15 17:54:15","2017-05-15 17:54:15"
74,6,admin.order.edit.index.initialize,399,0,onAdminOrderEditIndexInitialize,NORMAL,"2017-05-15 17:54:15","2017-05-15 17:54:15"
75,6,admin.order.edit.index.complete,399,0,onAdminOrderEditIndexComplete,NORMAL,"2017-05-15 17:54:15","2017-05-15 17:54:15"
76,6,admin.order.delete.complete,400,0,onAdminOrderDeleteComplete,NORMAL,"2017-05-15 17:54:15","2017-05-15 17:54:15"
77,6,admin.order.mail.index.complete,400,0,onAdminOrderMailIndexComplete,NORMAL,"2017-05-15 17:54:15","2017-05-15 17:54:15"
78,6,admin.order.mail.mail.all.complete,400,0,onAdminOrderMailIndexComplete,NORMAL,"2017-05-15 17:54:15","2017-05-15 17:54:15"
79,6,front.shopping.confirm.processing,399,0,onFrontShoppingConfirmProcessing,NORMAL,"2017-05-15 17:54:15","2017-05-15 17:54:15"
80,6,service.shopping.notify.complete,400,0,onServiceShoppingNotifyComplete,NORMAL,"2017-05-15 17:54:15","2017-05-15 17:54:15"
81,6,Shopping/complete.twig,400,0,onRenderShoppingComplete,NORMAL,"2017-05-15 17:54:15","2017-05-15 17:54:15"
82,6,front.shopping.delivery.complete,400,0,onFrontChangeTotal,NORMAL,"2017-05-15 17:54:15","2017-05-15 17:54:15"
83,6,front.shopping.payment.complete,400,0,onFrontChangeTotal,NORMAL,"2017-05-15 17:54:15","2017-05-15 17:54:15"
84,6,front.shopping.shipping.complete,400,0,onFrontChangeTotal,NORMAL,"2017-05-15 17:54:15","2017-05-15 17:54:15"
85,6,front.shopping.shipping.edit.complete,400,0,onFrontChangeTotal,NORMAL,"2017-05-15 17:54:15","2017-05-15 17:54:15"
86,6,Admin/Order/edit.twig,399,0,onRenderAdminOrderEdit,NORMAL,"2017-05-15 17:54:15","2017-05-15 17:54:15"
87,6,Admin/Order/mail_confirm.twig,400,0,onRenderAdminOrderMailConfirm,NORMAL,"2017-05-15 17:54:15","2017-05-15 17:54:15"
88,6,Admin/Order/mail_all_confirm.twig,400,0,onRenderAdminOrderMailConfirm,NORMAL,"2017-05-15 17:54:15","2017-05-15 17:54:15"
89,6,Mypage/index.twig,400,0,onRenderMyPageIndex,NORMAL,"2017-05-15 17:54:15","2017-05-15 17:54:15"
90,6,Shopping/index.twig,399,0,onRenderShoppingIndex,NORMAL,"2017-05-15 17:54:15","2017-05-15 17:54:15"
91,6,Product/detail.twig,398,0,onRenderProductDetail,NORMAL,"2017-05-15 17:54:15","2017-05-15 17:54:15"
92,6,Cart/index.twig,399,0,onRenderCart,NORMAL,"2017-05-15 17:54:15","2017-05-15 17:54:15"
93,6,Mypage/history.twig,400,0,onRenderHistory,NORMAL,"2017-05-15 17:54:15","2017-05-15 17:54:15"
94,6,mail.order,400,0,onMailOrderComplete,NORMAL,"2017-05-15 17:54:15","2017-05-15 17:54:15"
95,6,mail.admin.order,400,0,onMailOrderComplete,NORMAL,"2017-05-15 17:54:15","2017-05-15 17:54:15"
96,7,eccube.event.app.before,400,0,onRenderMailTemplate,NORMAL,"2017-05-15 17:55:08","2017-05-15 17:55:08"
97,9,Entry/index.twig,400,0,onRenderEntryIndex,NORMAL,"2017-05-15 17:55:53","2017-05-15 17:55:53"
98,9,Entry/confirm.twig,400,0,onRenderEntryConfirm,NORMAL,"2017-05-15 17:55:53","2017-05-15 17:55:53"
99,9,front.entry.index.complete,400,0,onFrontEntryIndexComplete,NORMAL,"2017-05-15 17:55:53","2017-05-15 17:55:53"
100,9,Mypage/change.twig,400,0,onRenderMypageChange,NORMAL,"2017-05-15 17:55:53","2017-05-15 17:55:53"
101,9,front.mypage.change.index.complete,400,0,onFrontMypageChangeIndexComplete,NORMAL,"2017-05-15 17:55:53","2017-05-15 17:55:53"
102,9,Admin/Customer/edit.twig,400,0,onRenderAdminCustomerEdit,NORMAL,"2017-05-15 17:55:53","2017-05-15 17:55:53"
103,9,admin.customer.edit.index.complete,399,0,onAdminCustomerEditIndexComplete,NORMAL,"2017-05-15 17:55:53","2017-05-15 17:55:53"
104,9,eccube.event.render.entry.before,400,0,onRenderEntryBefore,NORMAL,"2017-05-15 17:55:53","2017-05-15 17:55:53"
105,9,eccube.event.controller.entry.after,400,0,onControllerEntryAfter,NORMAL,"2017-05-15 17:55:53","2017-05-15 17:55:53"
106,9,eccube.event.render.mypage_change.before,400,0,onRenderMypageChangeBefore,NORMAL,"2017-05-15 17:55:53","2017-05-15 17:55:53"
107,9,eccube.event.controller.mypage_change.after,400,0,onControllMypageChangeAfter,NORMAL,"2017-05-15 17:55:53","2017-05-15 17:55:53"
108,9,eccube.event.render.admin_customer_new.before,400,0,onRenderAdminCustomerBefore,NORMAL,"2017-05-15 17:55:53","2017-05-15 17:55:53"
109,9,eccube.event.render.admin_customer_edit.before,400,0,onRenderAdminCustomerBefore,NORMAL,"2017-05-15 17:55:53","2017-05-15 17:55:53"
110,10,eccube.event.render.shopping.before,400,1,onRenderShoppingBefore,NORMAL,"2017-05-22 20:55:45","2017-06-07 14:34:14"
111,10,eccube.event.controller.shopping_confirm.before,400,1,onControllerShoppingConfirmBefore,NORMAL,"2017-05-22 20:55:45","2017-06-07 14:34:14"
112,10,eccube.event.render.shopping_complete.before,400,1,onRenderShoppingCompleteBefore,NORMAL,"2017-05-22 20:55:45","2017-06-07 14:34:14"
113,10,eccube.event.render.admin_order.before,400,1,onRenderAdminOrderBefore,NORMAL,"2017-05-22 20:55:45","2017-06-07 14:34:14"
114,10,eccube.event.render.admin_order_page.before,400,1,onRenderAdminOrderBefore,NORMAL,"2017-05-22 20:55:45","2017-06-07 14:34:14"
115,10,eccube.event.render.admin_order_edit.before,400,1,onRenderAdminOrderEditBefore,NORMAL,"2017-05-22 20:55:46","2017-06-07 14:34:14"
116,11,eccube.event.render.shopping.before,400,1,onRenderShoppingBefore,NORMAL,"2017-06-07 14:34:27","2017-09-29 12:20:02"
117,11,eccube.event.controller.shopping_confirm.before,400,1,onControllerShoppingConfirmBefore,NORMAL,"2017-06-07 14:34:27","2017-09-29 12:20:02"
118,11,eccube.event.render.shopping_complete.before,400,1,onRenderShoppingCompleteBefore,NORMAL,"2017-06-07 14:34:27","2017-09-29 12:20:02"
119,11,eccube.event.render.admin_order.before,400,1,onRenderAdminOrderBefore,NORMAL,"2017-06-07 14:34:27","2017-09-29 12:20:02"
120,11,eccube.event.render.admin_order_page.before,400,1,onRenderAdminOrderBefore,NORMAL,"2017-06-07 14:34:27","2017-09-29 12:20:02"
121,11,eccube.event.render.admin_order_edit.before,400,1,onRenderAdminOrderEditBefore,NORMAL,"2017-06-07 14:34:27","2017-09-29 12:20:02"
122,12,eccube.event.front.response,400,0,onEccubeEventFrontResponse,NORMAL,"2017-06-26 08:56:55","2017-06-26 08:56:55"
123,12,front.product.detail.initialize,400,0,onFrontProductDetailInitialize,NORMAL,"2017-06-26 08:56:55","2017-06-26 08:56:55"
124,12,front.product.detail.complete,400,0,onFrontProductDetailComplete,NORMAL,"2017-06-26 08:56:55","2017-06-26 08:56:55"
125,12,front.cart.remove.complete,400,0,onFrontCartRemoveComplete,NORMAL,"2017-06-26 08:56:55","2017-06-26 08:56:55"
126,12,front.cart.down.complete,400,0,onFrontCartDownComplete,NORMAL,"2017-06-26 08:56:55","2017-06-26 08:56:55"
127,12,eccube.event.controller.shopping_confirm.before,500,0,onControllerShoppingConfirmBefore,FIRST,"2017-06-26 08:56:55","2017-06-26 08:56:55"
128,12,front.shopping.confirm.processing,398,0,onFrontShoppingConfirmProcessing,NORMAL,"2017-06-26 08:56:55","2017-06-26 08:56:55"
129,12,front.shopping.index.initialize,400,0,onFrontShoppingIndexInitialize,NORMAL,"2017-06-26 08:56:55","2017-06-26 08:56:55"
130,12,front.shopping.payment.initialize,400,0,onFrontShoppingPaymentInitialize,NORMAL,"2017-06-26 08:56:55","2017-06-26 08:56:55"
131,12,front.shopping.confirm.initialize,400,0,onFrontShoppingConfirmInitialize,NORMAL,"2017-06-26 08:56:55","2017-06-26 08:56:55"
132,12,front.shopping.complete.initialize,400,0,onFrontShoppingCompleteInitialize,NORMAL,"2017-06-26 08:56:55","2017-06-26 08:56:55"
133,12,front.product.index.initialize,400,0,onFrontProductIndexInitialize,NORMAL,"2017-06-26 08:56:55","2017-06-26 08:56:55"
134,12,front.product.index.search,400,0,onFrontProductIndexSearch,NORMAL,"2017-06-26 08:56:55","2017-06-26 08:56:55"
135,12,Product/detail.twig,397,0,onRenderProductDetail,NORMAL,"2017-06-26 08:56:55","2017-06-26 08:56:55"
136,12,Shopping/index.twig,398,0,onRenderShoppingIndex,NORMAL,"2017-06-26 08:56:55","2017-06-26 08:56:55"
137,12,Cart/index.twig,398,0,onRenderCartIndex,NORMAL,"2017-06-26 08:56:55","2017-06-26 08:56:55"
138,12,admin.product.edit.initialize,397,0,onAdminProductEditInitialize,NORMAL,"2017-06-26 08:56:55","2017-06-26 08:56:55"
139,12,admin.product.edit.complete,397,0,onAdminProductEditComplete,NORMAL,"2017-06-26 08:56:55","2017-06-26 08:56:55"
140,12,admin.order.edit.index.initialize,398,0,onAdminOrderEditIndexInitialize,NORMAL,"2017-06-26 08:56:55","2017-06-26 08:56:55"
141,12,Admin/Order/edit.twig,398,0,onRenderAdminOrderEdit,NORMAL,"2017-06-26 08:56:55","2017-06-26 08:56:55"
142,12,admin.order.edit.index.complete,398,0,onAdminOrderEditIndexComplete,NORMAL,"2017-06-26 08:56:55","2017-06-26 08:56:55"
143,14,eccube.event.render.shopping.before,400,0,onRenderShoppingBefore,NORMAL,"2017-09-29 12:20:17","2017-09-29 12:20:17"
144,14,eccube.event.controller.shopping_confirm.before,400,0,onControllerShoppingConfirmBefore,NORMAL,"2017-09-29 12:20:17","2017-09-29 12:20:17"
145,14,eccube.event.render.shopping_complete.before,400,0,onRenderShoppingCompleteBefore,NORMAL,"2017-09-29 12:20:17","2017-09-29 12:20:17"
146,14,eccube.event.render.admin_order.before,400,0,onRenderAdminOrderBefore,NORMAL,"2017-09-29 12:20:17","2017-09-29 12:20:17"
147,14,eccube.event.render.admin_order_page.before,400,0,onRenderAdminOrderBefore,NORMAL,"2017-09-29 12:20:17","2017-09-29 12:20:17"
148,14,eccube.event.render.admin_order_edit.before,400,0,onRenderAdminOrderEditBefore,NORMAL,"2017-09-29 12:20:17","2017-09-29 12:20:17"
149,16,eccube.event.render.shopping.before,399,0,onRenderShoppingBefore,NORMAL,"2020-06-15 15:43:31","2020-06-15 15:43:31"
150,16,eccube.event.render.mypage_history.before,400,0,onRenderMypageHistoryBefore,NORMAL,"2020-06-15 15:43:31","2020-06-15 15:43:31"
151,16,eccube.event.controller.shopping_confirm.before,399,0,onControllerShoppingConfirmBefore,NORMAL,"2020-06-15 15:43:31","2020-06-15 15:43:31"
152,16,eccube.event.controller.shopping_complete.before,400,0,onControllerShoppingCompleteBefore,NORMAL,"2020-06-15 15:43:31","2020-06-15 15:43:31"
153,16,eccube.event.render.admin_order_edit.before,399,0,onRenderAdminOrderEditBefore,NORMAL,"2020-06-15 15:43:31","2020-06-15 15:43:31"
154,16,eccube.event.controller.admin_order_edit.after,400,0,onControllerOrderEditAfter,NORMAL,"2020-06-15 15:43:31","2020-06-15 15:43:31"
155,16,eccube.event.controller.admin_order_delete.after,400,0,onControllerOrderDeleteAfter,NORMAL,"2020-06-15 15:43:31","2020-06-15 15:43:31"
156,16,eccube.event.controller.shopping_delivery.after,400,0,onControllerRestoreDiscountAfter,NORMAL,"2020-06-15 15:43:31","2020-06-15 15:43:31"
157,16,eccube.event.controller.shopping_payment.after,400,0,onControllerRestoreDiscountAfter,NORMAL,"2020-06-15 15:43:31","2020-06-15 15:43:31"
158,16,eccube.event.controller.shopping_shipping.after,400,0,onControllerRestoreDiscountAfter,NORMAL,"2020-06-15 15:43:31","2020-06-15 15:43:31"
159,16,eccube.event.controller.shopping_shipping_edit.after,400,0,onControllerRestoreDiscountAfter,NORMAL,"2020-06-15 15:43:31","2020-06-15 15:43:31"
160,16,Shopping/index.twig,397,0,onRenderShoppingIndex,NORMAL,"2020-06-15 15:43:31","2020-06-15 15:43:31"
161,16,Mypage/history.twig,399,0,onRenderMypageHistory,NORMAL,"2020-06-15 15:43:31","2020-06-15 15:43:31"
162,16,front.shopping.complete.initialize,399,0,onRenderShoppingComplete,NORMAL,"2020-06-15 15:43:31","2020-06-15 15:43:31"
163,16,front.shopping.confirm.initialize,399,0,onShoppingConfirmInit,NORMAL,"2020-06-15 15:43:31","2020-06-15 15:43:31"
164,16,admin.order.edit.index.complete,397,0,onOrderEditComplete,NORMAL,"2020-06-15 15:43:31","2020-06-15 15:43:31"
165,16,admin.order.delete.complete,399,0,onOrderEditComplete,NORMAL,"2020-06-15 15:43:31","2020-06-15 15:43:31"
166,16,mail.order,399,0,onSendOrderMail,NORMAL,"2020-06-15 15:43:31","2020-06-15 15:43:31"
167,16,mail.admin.order,399,0,onSendOrderMail,NORMAL,"2020-06-15 15:43:31","2020-06-15 15:43:31"
168,16,Admin/Order/edit.twig,397,0,onRenderAdminOrderEdit,NORMAL,"2020-06-15 15:43:31","2020-06-15 15:43:31"
169,16,front.shopping.delivery.complete,399,0,onRestoreDiscount,NORMAL,"2020-06-15 15:43:31","2020-06-15 15:43:31"
170,16,front.shopping.payment.complete,399,0,onRestoreDiscount,NORMAL,"2020-06-15 15:43:31","2020-06-15 15:43:31"
171,16,front.shopping.shipping.complete,399,0,onRestoreDiscount,NORMAL,"2020-06-15 15:43:31","2020-06-15 15:43:31"
172,16,front.shopping.shipping.edit.complete,399,0,onRestoreDiscount,NORMAL,"2020-06-15 15:43:31","2020-06-15 15:43:31"
