order_detail_additional_info_id,order_id,order_detail_id,product_class_id,order_type,wear_date,purpose,body_height,foot_size,body_type,secure_pack,need_photo,need_hair_make,date_visit,time_departure,visit_store,actual_price,before_use_days,after_use_days,decade
1,214,345,2279,visit,2017-06-30,パーティ,185cm,30.0cm,,"安心パックに加入する(+1,080円)",希望しない,希望しない,,11:00,渋谷本店,37800.00,1,1,
2,216,348,567,visit,2017-07-15,,,,,,,,,,横浜店,,,,
3,217,349,567,visit,2017-07-15,,,,,,,,,,横浜店,,4,4,
4,218,350,567,visit,2017-07-15,,,,,,,,,,横浜店,,4,4,
5,219,351,567,visit,2017-07-15,,,,,,,,,,横浜店,,4,4,
6,220,352,567,visit,2017-07-15,,,,,,,,,,横浜店,,4,4,
7,221,353,567,visit,2017-07-15,,,,,,,,,,横浜店,,4,4,
8,222,354,567,visit,2017-07-15,,,,,,,,,,横浜店,,4,4,
9,223,355,567,visit,2017-07-15,,,,,,,,,,横浜店,,5,2017,
10,224,356,567,visit,2017-07-15,,,,,,,,,,横浜店,,3,5,
11,226,358,2928,visit,2017-07-01,,,,,,,,,,横浜店,,0,14,
12,227,359,2928,visit,2017-07-26,成人式,200cm以上,31.5cm,,,希望しない,希望しない,,10:00,横浜店,,2,14,
13,228,360,2928,visit,2017-07-02,,,,,,,,,,横浜店,,1,13,
14,229,361,2546,visit,2017-07-02,,,,,,,,,,銀座店,,1,13,
15,230,362,1853,visit,2017-07-02,,,,,,,,,,横浜店,,1,13,
16,231,363,1853,visit,2017-07-02,,,,,,,,,,横浜店,,1,13,
17,232,364,1854,visit,2017-07-02,,,,,,,,,,横浜店,,1,13,
18,233,365,2384,visit,2017-07-02,,,,,,,,,,銀座店,,1,13,
19,234,366,903,visit,2017-07-02,,,,,,,,,,渋谷本店,,1,11,
20,235,367,1824,visit,2017-07-02,,,,,,,,,,横浜店,,1,13,
21,236,368,635,visit,2017-07-02,,,,,,,,,,池袋店,,1,9,
22,237,369,437,visit,2017-07-02,,,,,,,,,,池袋店,,1,9,
23,238,370,3278,visit,2017-07-02,,,,,,,,,,池袋店,,1,9,
24,239,371,3266,visit,2017-07-02,,,,,,,,,,池袋店,,1,11,
25,240,372,1884,visit,2017-07-02,,,,,,,,,,渋谷本店,,1,11,
26,241,373,2235,visit,2017-07-02,,,,,,,,,,渋谷本店,,1,12,
27,242,374,655,visit,2017-07-02,,,,,,,,,,渋谷本店,,1,13,
28,243,375,1718,visit,2017-07-02,,,,,,,,,,横浜店,,1,13,
29,244,376,1756,visit,2017-07-03,,,,,,,,,,渋谷本店,,1,12,
30,245,377,1848,visit,2017-07-03,,,,,,,,,,横浜店,,1,13,
31,246,378,2169,visit,2017-07-03,,,,,,,,,,銀座店,,1,13,
32,247,379,655,visit,2017-07-04,,,,,,,,,,渋谷本店,,1,9,
33,248,380,3035,visit,2017-07-04,,,,,,,,,,銀座店,,1,9,
34,249,381,3152,visit,2017-07-04,,,,,,,,,,渋谷本店,,1,9,
35,250,382,1389,visit,2017-07-04,,,,,,,,,,渋谷本店,,1,8,
36,251,383,2787,visit,2017-07-04,,,,,,,,,,渋谷本店,,1,9,
37,252,384,3059,visit,2017-07-04,,,,,,,,,,銀座店,,1,9,
38,253,385,339,visit,2017-07-04,,,,,,,,,,渋谷本店,,1,11,
39,254,386,1884,visit,2017-07-05,,,,,,,,,,渋谷本店,,1,7,
40,255,387,2235,visit,2017-07-05,,,,,,,,,,渋谷本店,,1,7,
41,256,388,519,visit,2017-07-05,,,,,,,,,,渋谷本店,,1,7,
42,257,389,1485,visit,2017-07-05,,,,,,,,,,渋谷本店,,1,7,
43,258,390,3141,visit,2017-07-05,,,,,,,,,,渋谷本店,,1,9,
44,259,391,1656,visit,2017-07-05,,,,,,,,,,渋谷本店,,1,8,
45,260,392,3088,visit,2017-07-05,,,,,,,,,,銀座店,,1,8,
46,261,393,3115,visit,2017-07-05,,,,,,,,,,銀座店,,1,8,
47,262,394,3059,visit,2017-07-05,,,,,,,,,,銀座店,,1,8,
48,263,395,3035,visit,2017-07-05,,,,,,,,,,銀座店,,1,8,
49,264,396,2391,visit,2017-07-06,,,,,,,,,,銀座店,,1,8,
50,265,397,1005,visit,2017-07-07,,,,,,,,,,渋谷本店,,1,9,
51,266,398,651,visit,2017-07-08,,,,,,,,,,渋谷本店,,1,11,
52,267,399,3578,visit,2017-07-08,,,,,,,,,,池袋店,,1,14,
53,268,400,3142,visit,2017-07-08,,,,,,,,,,渋谷本店,,1,9,
54,269,401,1562,visit,2017-07-09,,,,,,,,,,横浜店,,1,13,
55,270,402,1863,visit,2017-07-09,,,,,,,,,,横浜店,,1,13,
56,271,403,1129,visit,2017-07-09,,,,,,,,,,渋谷本店,,1,13,
57,272,404,2165,visit,2017-07-09,,,,,,,,,,横浜店,,1,13,
58,273,405,542,visit,2017-07-09,,,,,,,,,,横浜店,,1,13,
59,274,406,643,visit,2017-07-09,,,,,,,,,,渋谷本店,,1,12,
60,275,407,1820,visit,2017-07-10,,,,,,,,,,横浜店,,1,13,
61,276,408,3259,visit,2017-07-11,,,,,,,,,,池袋店,,1,9,
62,277,409,2204,visit,2017-07-12,,,,,,,,,,渋谷本店,,1,7,
63,278,410,313,visit,2017-07-12,,,,,,,,,,渋谷本店,,1,7,
64,279,411,1389,visit,2017-07-13,,,,,,,,,,渋谷本店,,1,7,
65,280,412,1030,visit,2017-07-13,,,,,,,,,,渋谷本店,,1,7,
66,281,413,3125,visit,2017-07-13,,,,,,,,,,横浜店,,1,5,
67,282,414,735,visit,2017-07-13,,,,,,,,,,横浜店,,1,5,
68,283,415,796,visit,2017-07-13,,,,,,,,,,横浜店,,1,5,
69,284,416,613,visit,2017-07-13,,,,,,,,,,横浜店,,1,5,
70,285,417,824,visit,2017-07-13,,,,,,,,,,横浜店,,1,5,
71,286,418,3166,visit,2017-07-14,,,,,,,,,,渋谷本店,,1,9,
72,287,419,3124,visit,2017-07-14,,,,,,,,,,横浜店,,1,4,
73,288,420,3126,visit,2017-07-14,,,,,,,,,,横浜店,,1,4,
74,289,421,1293,visit,2017-07-14,,,,,,,,,,渋谷本店,,1,9,
75,290,422,3119,visit,2017-07-14,,,,,,,,,,横浜店,,1,5,
76,291,423,1293,visit,2017-07-15,,,,,,,,,,渋谷本店,,1,9,
77,292,424,1451,visit,2017-07-15,,,,,,,,,,渋谷本店,,1,13,
78,293,425,740,visit,2017-07-15,,,,,,,,,,横浜店,,1,5,
79,294,426,3104,visit,2017-07-15,,,,,,,,,,横浜店,,1,5,
80,295,427,1367,visit,2017-07-15,,,,,,,,,,渋谷本店,,1,12,
81,296,428,666,visit,2017-07-16,,,,,,,,,,横浜店,,1,13,
82,297,429,1208,visit,2017-07-16,,,,,,,,,,横浜店,,1,13,
83,298,430,2515,visit,2017-07-16,,,,,,,,,,銀座店,,1,13,
84,299,431,1898,visit,2017-07-16,,,,,,,,,,横浜店,,1,13,
85,300,432,1909,visit,2017-07-16,,,,,,,,,,横浜店,,1,13,
86,301,433,542,visit,2017-07-16,,,,,,,,,,横浜店,,1,13,
87,302,434,648,visit,2017-07-16,,,,,,,,,,横浜店,,1,13,
88,303,435,692,visit,2017-07-16,,,,,,,,,,横浜店,,1,13,
89,304,436,655,visit,2017-07-16,,,,,,,,,,渋谷本店,,1,9,
90,305,437,1730,visit,2017-07-16,,,,,,,,,,横浜店,,1,7,
91,306,438,2440,visit,2017-07-17,,,,,,,,,,銀座店,,1,13,
92,307,439,3146,visit,2017-07-17,,,,,,,,,,渋谷本店,,1,12,
93,308,440,3287,visit,2017-07-17,,,,,,,,,,池袋店,,1,10,
94,309,441,3155,visit,2017-07-17,,,,,,,,,,渋谷本店,,1,8,
95,310,442,1508,visit,2017-07-18,,,,,,,,,,横浜店,,1,9,
96,311,443,3141,visit,2017-07-18,,,,,,,,,,渋谷本店,,1,11,
97,312,444,3280,visit,2017-07-18,,,,,,,,,,池袋店,,1,9,
98,313,445,1837,visit,2017-07-19,,,,,,,,,,渋谷本店,,1,7,
99,314,446,776,visit,2017-07-19,,,,,,,,,,渋谷本店,,1,7,
100,315,447,890,visit,2017-07-19,,,,,,,,,,渋谷本店,,1,7,
101,316,448,1985,visit,2017-07-19,,,,,,,,,,銀座店,,1,8,
102,317,449,2999,visit,2017-07-19,,,,,,,,,,銀座店,,1,8,
103,318,450,3003,visit,2017-07-19,,,,,,,,,,銀座店,,1,8,
104,319,451,2301,visit,2017-07-19,,,,,,,,,,銀座店,,1,8,
105,320,452,3296,visit,2017-07-19,,,,,,,,,,池袋店,,1,8,
106,321,453,1302,visit,2017-07-19,,,,,,,,,,銀座店,,1,8,
107,322,454,3460,visit,2017-07-21,,,,,,,,,,池袋店,,1,16,
108,323,455,3409,visit,2017-07-21,,,,,,,,,,池袋店,,1,16,
109,324,456,3446,visit,2017-07-21,,,,,,,,,,池袋店,,1,16,
110,325,457,3496,visit,2017-07-21,,,,,,,,,,池袋店,,1,16,
111,326,458,826,visit,2017-07-21,,,,,,,,,,渋谷本店,,1,6,
112,327,459,1340,visit,2017-07-22,,,,,,,,,,渋谷本店,,1,13,
113,328,460,1474,visit,2017-07-22,,,,,,,,,,渋谷本店,,1,13,
114,329,461,787,visit,2017-07-22,,,,,,,,,,池袋店,,1,13,
115,330,462,2446,visit,2017-07-23,,,,,,,,,,銀座店,,1,13,
116,331,463,3277,visit,2017-07-23,,,,,,,,,,池袋店,,1,16,
117,332,464,1851,visit,2017-07-23,,,,,,,,,,横浜店,,1,13,
118,333,465,3452,visit,2017-07-23,,,,,,,,,,池袋店,,1,13,
119,334,466,2400,visit,2017-07-23,,,,,,,,,,銀座店,,1,13,
120,335,467,3266,visit,2017-07-23,,,,,,,,,,池袋店,,1,12,
121,336,468,3013,visit,2017-07-24,,,,,,,,,,銀座店,,1,13,
122,337,469,1337,visit,2017-07-24,,,,,,,,,,渋谷本店,,1,14,
123,338,470,1163,visit,2017-07-24,,,,,,,,,,渋谷本店,,1,10,
124,339,471,1623,visit,2017-07-24,,,,,,,,,,渋谷本店,,1,11,
125,340,472,905,visit,2017-07-24,,,,,,,,,,渋谷本店,,1,11,
126,341,473,1993,visit,2017-07-25,,,,,,,,,,横浜店,,1,10,
127,342,474,796,visit,2017-07-25,,,,,,,,,,横浜店,,1,10,
128,343,475,2726,visit,2017-07-25,,,,,,,,,,横浜店,,1,10,
129,344,476,3096,visit,2017-07-25,,,,,,,,,,横浜店,,1,10,
130,345,477,1061,visit,2017-07-26,,,,,,,,,,渋谷本店,,1,7,
131,346,478,1938,visit,2017-07-26,,,,,,,,,,渋谷本店,,1,9,
132,347,479,2596,visit,2017-07-26,,,,,,,,,,銀座店,,1,9,
133,348,480,2596,visit,2017-07-26,,,,,,,,,,銀座店,,1,9,
134,349,481,2969,visit,2017-07-26,,,,,,,,,,銀座店,,1,8,
135,350,482,3007,visit,2017-07-26,,,,,,,,,,銀座店,,1,8,
136,351,483,3138,visit,2017-07-27,,,,,,,,,,渋谷本店,,1,6,
137,352,484,3166,visit,2017-07-27,,,,,,,,,,渋谷本店,,1,6,
138,353,485,2942,visit,2017-07-27,,,,,,,,,,銀座店,,1,8,
139,354,486,1283,visit,2017-07-28,,,,,,,,,,渋谷本店,,1,6,
140,355,487,1682,visit,2017-07-28,,,,,,,,,,渋谷本店,,1,6,
141,356,488,1852,visit,2017-07-30,,,,,,,,,,横浜店,,1,13,
142,357,489,1008,visit,2017-07-30,,,,,,,,,,池袋店,,1,13,
143,358,490,3145,visit,2017-07-31,,,,,,,,,,池袋店,,1,13,
144,359,491,1408,visit,2017-07-31,,,,,,,,,,渋谷本店,,1,13,
145,360,492,3287,visit,2017-08-01,,,,,,,,,,池袋店,,1,9,
146,361,493,2249,visit,2017-08-01,,,,,,,,,,池袋店,,1,9,
147,362,494,3278,visit,2017-08-01,,,,,,,,,,池袋店,,1,9,
148,363,495,1408,visit,2017-08-02,,,,,,,,,,渋谷本店,,1,10,
149,364,496,1378,visit,2017-08-02,,,,,,,,,,渋谷本店,,1,8,
150,365,497,3155,visit,2017-08-02,,,,,,,,,,渋谷本店,,1,9,
151,366,498,1003,visit,2017-08-02,,,,,,,,,,渋谷本店,,1,10,
152,367,499,1283,visit,2017-08-02,,,,,,,,,,渋谷本店,,1,10,
153,368,500,834,visit,2017-08-03,,,,,,,,,,横浜店,,1,4,
154,369,501,2633,visit,2017-08-05,,,,,,,,,,横浜店,,1,13,
155,370,502,742,visit,2017-08-09,,,,,,,,,,横浜店,,1,5,
156,371,503,3104,visit,2017-08-09,,,,,,,,,,横浜店,,1,5,
157,372,504,2213,visit,2017-08-11,,,,,,,,,,渋谷本店,,1,14,
158,373,505,567,visit,2017-08-13,,,,,,,,,,横浜店,,1,13,
159,374,506,1889,visit,2017-08-14,,,,,,,,,,横浜店,,1,13,
160,375,507,298,visit,2017-08-14,,,,,,,,,,横浜店,,1,13,
161,376,508,3134,visit,2017-08-14,,,,,,,,,,渋谷本店,,1,11,
162,377,509,1254,visit,2017-08-16,,,,,,,,,,渋谷本店,,1,9,
163,378,510,1918,visit,2017-08-21,,,,,,,,,,横浜店,,1,13,
164,379,511,2112,visit,2017-08-22,,,,,,,,,,渋谷本店,,1,9,
165,380,512,1130,visit,2017-08-22,,,,,,,,,,渋谷本店,,1,13,
166,381,513,3126,visit,2017-08-24,,,,,,,,,,横浜店,,1,5,
167,382,514,1988,visit,2017-08-24,,,,,,,,,,横浜店,,1,5,
168,383,515,2074,visit,2017-08-24,,,,,,,,,,横浜店,,1,5,
169,384,516,2452,visit,2017-08-27,,,,,,,,,,銀座店,,1,13,
170,385,517,3061,visit,2017-09-02,,,,,,,,,,銀座店,,1,13,
171,386,518,3501,visit,2017-09-02,,,,,,,,,,池袋店,,1,24,
172,387,519,3061,visit,2017-09-02,,,,,,,,,,銀座店,,1,13,
173,388,520,2327,visit,2017-09-02,,,,,,,,,,渋谷本店,,1,13,
174,389,521,2453,visit,2017-09-03,,,,,,,,,,銀座店,,1,13,
175,390,522,3447,visit,2017-09-04,,,,,,,,,,池袋店,,1,20,
176,391,523,3500,visit,2017-09-04,,,,,,,,,,池袋店,,1,21,
177,392,524,3447,visit,2017-09-04,,,,,,,,,,池袋店,,1,21,
178,393,525,1756,visit,2017-09-06,,,,,,,,,,渋谷本店,,1,8,
179,394,526,705,visit,2017-09-11,,,,,,,,,,渋谷本店,,1,12,
180,395,527,1898,visit,2017-09-11,,,,,,,,,,横浜店,,1,13,
181,396,528,2235,visit,2017-09-14,,,,,,,,,,渋谷本店,,1,9,
182,397,529,2235,visit,2017-09-26,,,,,,,,,,渋谷本店,,1,10,
183,398,530,306,visit,2017-10-06,,,,,,,,,,渋谷本店,,1,9,
184,399,531,774,visit,2017-10-08,,,,,,,,,,渋谷本店,,1,12,
185,400,532,2599,visit,2017-10-09,,,,,,,,,,銀座店,,1,13,
186,401,533,1265,visit,2017-10-09,,,,,,,,,,渋谷本店,,1,13,
187,402,534,1265,visit,2017-10-09,,,,,,,,,,渋谷本店,,1,11,
188,403,535,1480,visit,2017-10-11,,,,,,,,,,渋谷本店,,1,9,
189,404,536,660,visit,2017-10-15,,,,,,,,,,横浜店,,1,13,
190,405,537,567,visit,2017-10-16,,,,,,,,,,横浜店,,1,13,
191,406,538,2053,visit,2017-10-16,,,,,,,,,,池袋店,,1,13,
192,407,539,1203,visit,2017-10-24,,,,,,,,,,渋谷本店,,1,10,
193,408,540,2490,visit,2017-10-28,,,,,,,,,,銀座店,,1,13,
194,409,541,2584,visit,2017-10-28,,,,,,,,,,銀座店,,1,13,
195,410,542,1798,visit,2017-10-28,,,,,,,,,,横浜店,,1,13,
196,411,543,1305,visit,2017-10-30,,,,,,,,,,池袋店,,1,9,
197,412,544,654,visit,2017-10-31,,,,,,,,,,渋谷本店,,1,7,
198,413,545,1157,visit,2017-10-31,,,,,,,,,,渋谷本店,,1,7,
199,414,546,701,visit,2017-10-31,,,,,,,,,,渋谷本店,,1,9,
200,415,547,867,visit,2017-11-01,,,,,,,,,,銀座店,,1,10,
201,416,548,1039,visit,2017-11-01,,,,,,,,,,銀座店,,1,8,
202,417,549,3447,visit,2017-11-02,,,,,,,,,,池袋店,,1,20,
203,418,550,807,visit,2017-11-02,,,,,,,,,,池袋店,,1,16,
204,419,551,640,visit,2017-11-02,,,,,,,,,,池袋店,,1,16,
205,420,552,603,visit,2017-11-03,,,,,,,,,,銀座店,,1,12,
206,421,553,1011,visit,2017-11-05,,,,,,,,,,銀座店,,1,9,
207,422,554,3227,visit,2017-11-05,,,,,,,,,,池袋店,,1,13,
208,423,555,1325,visit,2017-11-07,,,,,,,,,,池袋店,,1,20,
209,424,556,867,visit,2017-11-07,,,,,,,,,,銀座店,,1,9,
210,425,557,2500,visit,2017-11-14,,,,,,,,,,銀座店,,1,10,
211,426,558,327,visit,2017-11-19,,,,,,,,,,銀座店,,1,13,
212,427,559,720,visit,2017-11-19,,,,,,,,,,銀座店,,1,13,
213,428,560,2469,visit,2017-11-19,,,,,,,,,,銀座店,,1,13,
214,429,561,3401,visit,2017-12-21,,,,,,,,,,池袋店,,1,25,
215,430,562,785,visit,2017-12-21,,,,,,,,,,池袋店,,1,25,
216,431,563,2283,visit,2017-12-26,,,,,,,,,,渋谷本店,,1,11,
217,432,564,321,visit,2017-12-26,,,,,,,,,,池袋店,,1,18,
218,433,565,858,visit,2017-12-26,,,,,,,,,,池袋店,,1,20,
219,434,566,3394,visit,2017-12-26,,,,,,,,,,池袋店,,1,25,
220,435,567,354,visit,2017-12-26,,,,,,,,,,池袋店,,1,20,
221,436,568,352,visit,2017-12-26,,,,,,,,,,池袋店,,1,20,
222,437,569,1075,visit,2018-01-02,,,,,,,,,,渋谷本店,,1,12,
223,438,570,2159,visit,2018-01-02,,,,,,,,,,横浜店,,1,13,
224,439,571,654,visit,2018-01-02,,,,,,,,,,渋谷本店,,1,11,
225,440,572,1156,visit,2018-01-02,,,,,,,,,,渋谷本店,,1,13,
226,441,573,1725,visit,2018-01-02,,,,,,,,,,横浜店,,1,13,
227,442,574,705,visit,2018-01-02,,,,,,,,,,渋谷本店,,1,10,
228,443,575,2501,visit,2018-01-02,,,,,,,,,,銀座店,,1,13,
229,444,576,2501,visit,2018-01-02,,,,,,,,,,銀座店,,1,13,
230,445,577,1145,visit,2018-01-02,,,,,,,,,,渋谷本店,,1,14,
231,446,578,1057,visit,2018-01-02,,,,,,,,,,渋谷本店,,1,13,
232,447,579,2176,visit,2018-01-02,,,,,,,,,,横浜店,,1,13,
233,448,580,2365,visit,2018-01-02,,,,,,,,,,渋谷本店,,1,11,
234,449,581,2176,visit,2018-01-02,,,,,,,,,,横浜店,,1,13,
235,450,582,2346,visit,2018-01-02,,,,,,,,,,渋谷本店,,1,11,
236,451,583,1103,visit,2018-01-02,,,,,,,,,,渋谷本店,,1,11,
237,452,584,1108,visit,2018-01-02,,,,,,,,,,渋谷本店,,1,13,
238,453,585,2500,visit,2018-01-02,,,,,,,,,,銀座店,,1,13,
239,454,586,3169,visit,2018-01-02,,,,,,,,,,銀座店,,1,14,
240,455,587,1080,visit,2018-01-02,,,,,,,,,,渋谷本店,,1,10,
241,456,588,2202,visit,2018-01-02,,,,,,,,,,横浜店,,1,13,
242,457,589,3170,visit,2018-01-02,,,,,,,,,,銀座店,,1,13,
243,458,590,2332,visit,2018-01-02,,,,,,,,,,横浜店,,1,13,
244,459,591,1728,visit,2018-01-02,,,,,,,,,,横浜店,,1,13,
245,460,592,306,visit,2018-01-05,,,,,,,,,,渋谷本店,,1,9,
246,461,593,2477,visit,2018-01-08,,,,,,,,,,銀座店,,1,13,
247,462,594,1053,visit,2018-02-26,,,,,,,,,,銀座店,,1,14,
248,463,595,3325,visit,2018-03-06,,,,,,,,,,池袋店,,1,9,
249,464,596,302,visit,2018-03-11,,,,,,,,,,渋谷本店,,1,13,
250,465,597,488,visit,2018-03-12,,,,,,,,,,渋谷本店,,1,7,
251,466,598,2279,visit,2017-07-05,成人式,165cm,25.5cm,,"安心パックに加入する(+1,080円)","六切サイズ(203mmx254mm)2ポーズあり（14,040円)","ヘアセット 5,400円",,11:00,渋谷本店,37800.00,,,
252,467,601,567,visit,2017-07-15,成人式,200cm以上,31.5cm,,,希望しない,希望しない,,10:00,横浜店,,4,4,
253,469,603,3092,visit,2017-07-11,花火大会・お祭りなど,155cm,24.0cm,"[""\u3075\u304f\u3088\u304b""]","安心パックに加入する(+1,080円)",希望しない,"ヘアセット(浴衣)3,240円",,11:00,渋谷本店,5400.00,,,
254,470,605,703,visit,2017-07-26,成人式,200cm以上,31.5cm,,,希望しない,希望しない,,10:00,横浜店,,4,4,
255,471,606,1497,visit,2017-07-29,お茶会,180cm,29.5cm,"[""\u624b\u304c\u9577\u3044"",""\u3075\u304f\u3088\u304b""]","安心パックに加入する(+1,080円)","六切サイズ(203mmx254mm)3ポーズあり（19,440円)","ヘアセット(浴衣)3,240円",,12:00,銀座店,27000.00,,,
256,472,608,1049,visit,2017-07-31,パーティ,180cm,30.5cm,"[""\u624b\u304c\u9577\u3044"",""\u3075\u304f\u3088\u304b""]","安心パックに加入する(+1,080円)","六切サイズ(203mmx254mm)2ポーズあり（14,040円)","ヘア＆メイク 8,640円",,13:30,渋谷本店,16200.00,,,
257,473,610,2279,visit,2017-08-01,成人式,200cm以上,31.5cm,"[""\u624b\u304c\u9577\u3044""]",,希望しない,希望しない,,10:00,渋谷本店,37800.00,,,
258,475,613,2279,visit,2017-08-29,成人式,190cm,31.5cm,"[""\u624b\u304c\u9577\u3044"",""\u3075\u304f\u3088\u304b""]","安心パックに加入する(+1,080円)","六切サイズ(203mmx254mm)1ポーズあり（8,640円)","ヘアセット 5,400円",,11:00,池袋店,37800.00,,,
259,476,615,2177,deliv,2017-08-16,結納,200cm以上,31.5cm,"[""\u624b\u304c\u9577\u3044"",""\u3075\u304f\u3088\u304b""]","安心パックに加入する(+1,080円)",,,,,,108000.00,,,
260,478,619,2177,visit,2017-08-21,結納,195cm,31.0cm,"[""\u624b\u304c\u9577\u3044"",""\u3075\u304f\u3088\u304b""]","安心パックに加入する(+1,080円)","六切サイズ(203mmx254mm)2ポーズあり（14,040円)","ヘア＆メイク 8,640円",,10:30,銀座店,108000.00,,,
261,479,621,2273,visit,2017-08-17,結納,190cm,31.0cm,"[""\u624b\u304c\u9577\u3044"",""\u3075\u304f\u3088\u304b""]","安心パックに加入する(+1,080円)","六切サイズ(203mmx254mm)1ポーズあり（8,640円)","ヘア＆メイク 8,640円",,10:30,横浜店,145800.00,,,
262,480,623,2177,visit,2017-08-26,パーティ,185cm,29.5cm,,,希望しない,希望しない,,11:00,渋谷本店,108000.00,,,
263,481,624,2177,visit,2017-08-31,パーティ,190cm,30.5cm,,,希望しない,希望しない,,12:00,渋谷本店,108000.00,,,
264,482,625,3418,visit,2017-08-17,パーティ,190cm,30.0cm,,,希望しない,希望しない,,11:00,横浜店,43200.00,,,
265,485,628,3495,visit,2017-08-17,結婚式,195cm,30.0cm,"[""\u624b\u304c\u9577\u3044""]",,希望しない,希望しない,,10:30,横浜店,91800.00,,,
266,489,632,3494,visit,2017-08-18,結納,195cm,31.0cm,,,希望しない,希望しない,,10:30,渋谷本店,91800.00,,,
267,490,633,3494,visit,2017-08-23,パーティ,190cm,30.0cm,,,希望しない,希望しない,,11:00,銀座店,91800.00,,,
268,491,634,3504,visit,2017-08-18,結婚式,195cm,30.5cm,,,希望しない,希望しない,,11:00,池袋店,59400.00,,,
269,492,635,3494,visit,2017-08-28,結納,190cm,31.0cm,,,希望しない,希望しない,,10:30,渋谷本店,91800.00,,,
270,493,636,3427,visit,2017-08-18,結納,180cm,27.0cm,,,希望しない,希望しない,,10:30,池袋店,43200.00,,,
271,494,637,469,visit,2017-08-18,パーティ,195cm,31.0cm,,,希望しない,希望しない,,10:30,池袋店,32400.00,,,
272,495,638,2131,visit,2017-08-18,結納,190cm,30.5cm,,,希望しない,希望しない,,11:30,横浜店,37800.00,,,
273,496,639,2131,visit,2017-08-23,結婚式,190cm,30.0cm,,,希望しない,希望しない,,11:00,池袋店,37800.00,,,
274,497,640,2191,visit,2017-08-18,パーティ,185cm,29.5cm,,,希望しない,希望しない,,12:00,渋谷本店,108000.00,,,
275,501,644,3442,visit,2017-08-24,結婚式,185cm,29.5cm,,,希望しない,希望しない,,12:00,渋谷本店,32400.00,,,
276,503,646,3493,visit,2017-08-25,結婚式,195cm,31.0cm,,,希望しない,希望しない,,11:00,渋谷本店,91800.00,,,
277,505,648,3502,visit,2017-08-25,結納,190cm,30.0cm,,,希望しない,希望しない,,11:00,横浜店,70200.00,,,
278,505,649,3427,visit,2017-09-01,結婚式,190cm,30.5cm,,,希望しない,希望しない,,11:30,渋谷本店,43200.00,,,
279,506,650,3493,visit,2017-08-30,結納,195cm,30.5cm,,,希望しない,希望しない,,11:00,渋谷本店,91800.00,,,
280,507,651,2313,visit,2017-08-25,結婚式,185cm,29.5cm,,,希望しない,希望しない,,11:00,渋谷本店,10800.00,,,
281,508,652,2191,visit,2017-08-24,結婚式,190cm,30.5cm,,,希望しない,希望しない,,10:30,浴衣を所属店舗で着付ける,108000.00,,,
282,510,654,3427,visit,2017-08-23,結婚式,190cm,29.5cm,,,希望しない,希望しない,,11:00,横浜店,43200.00,,,
283,511,655,320,visit,2017-08-24,結納,185cm,30.5cm,,,希望しない,希望しない,,11:30,横浜店,37800.00,,,
284,512,656,3442,visit,2017-08-19,結婚式,195cm,31.0cm,,,希望しない,希望しない,,11:30,池袋店,32400.00,,,
285,513,657,642,visit,2017-08-18,結婚式,190cm,30.5cm,,,希望しない,希望しない,,11:30,渋谷本店,10800.00,,,
286,514,658,2653,visit,2017-08-25,パーティ,190cm,29.0cm,,,希望しない,希望しない,,11:00,浴衣を所属店舗で着付ける,21600.00,,,
287,515,659,2191,visit,2017-08-31,結婚式,180cm,30.0cm,,,希望しない,希望しない,,11:00,浴衣を所属店舗で着付ける,108000.00,,,
288,516,660,3427,visit,2017-09-06,結婚式,190cm,30.0cm,,,希望しない,希望しない,,11:00,横浜店,43200.00,,,
289,517,661,2209,deliv,2017-08-24,結納,190cm,30.0cm,,,,,,,,102600.00,,,
290,518,662,3494,deliv,2017-09-02,パーティ,185cm,30.5cm,,,,,,,,91800.00,,,
291,519,663,2191,visit,2017-09-05,結婚式,190cm,31.0cm,,,希望しない,希望しない,,11:00,池袋店,108000.00,,,
292,520,664,2653,deliv,2017-08-18,結婚式,190cm,29.5cm,,,,,,,,21600.00,,,
293,521,665,2191,deliv,2017-09-19,結納,195cm,30.5cm,,,,,,,,108000.00,,,
294,522,666,3494,visit,2017-09-07,結納,190cm,30.0cm,,,希望しない,希望しない,,11:30,池袋店,91800.00,,,
295,523,667,2497,deliv,2017-08-24,パーティ,190cm,29.5cm,,,,,,,,54000.00,,,
296,524,668,642,visit,2017-08-24,パーティ,195cm,30.5cm,,,希望しない,希望しない,,11:30,渋谷本店,10800.00,,,
297,526,671,2191,visit,2017-09-10,結納,180cm,30.0cm,,,希望しない,希望しない,,11:00,渋谷本店,108000.00,,,
298,526,672,3503,visit,2017-08-22,結婚式,190cm,29.5cm,,,希望しない,希望しない,,11:30,横浜店,70200.00,,,
299,526,673,349,visit,2017-08-29,結婚式,195cm,27.0cm,"[""\u624b\u304c\u9577\u3044"",""\u3075\u304f\u3088\u304b""]",,"六切サイズ(203mmx254mm)1ポーズあり（8,640円)","ヘアセット(浴衣)3,240円",,11:00,横浜店,75600.00,,,
300,527,674,3504,visit,2017-08-23,結納,195cm,30.0cm,,,希望しない,希望しない,,10:30,銀座店,59400.00,,,
301,527,675,3468,visit,2017-08-24,パーティ,115cm,28.0cm,"[""\u624b\u304c\u9577\u3044"",""\u3075\u304f\u3088\u304b""]","安心パックに加入する(+1,080円)","六切サイズ(203mmx254mm)2ポーズあり（14,040円)","ヘアセット(カジュアル着物) 3,240円",,14:00,渋谷本店,108000.00,,,
302,528,677,3495,visit,2017-08-29,結婚式,185cm,29.5cm,"[""\u624b\u304c\u9577\u3044""]","安心パックに加入する(+1,080円)",希望しない,希望しない,,10:30,銀座店,91800.00,,,
303,528,679,2314,visit,2017-08-30,パーティ,160cm,29.0cm,"[""\u624b\u304c\u9577\u3044"",""\u3075\u304f\u3088\u304b""]","安心パックに加入する(+1,080円)","六切サイズ(203mmx254mm)2ポーズあり（14,040円)","ヘアセット(カジュアル着物) 3,240円",,16:30,渋谷本店,10800.00,,,
304,529,680,3506,visit,2017-08-22,お茶会,185cm,31.0cm,"[""\u624b\u304c\u9577\u3044""]","安心パックに加入する(+1,080円)","六切サイズ(203mmx254mm)2ポーズあり（14,040円)","ヘアセット(浴衣)3,240円",,11:00,池袋店,81000.00,,,
305,529,682,3427,visit,2017-09-13,パーティ,190cm,31.5cm,"[""\u624b\u304c\u9577\u3044"",""\u3075\u304f\u3088\u304b""]","安心パックに加入する(+1,080円)",希望しない,"ヘアセット(浴衣)3,240円",,14:00,横浜店,43200.00,,,
306,530,683,2706,visit,2017-08-29,結婚式,195cm,30.5cm,"[""\u624b\u304c\u9577\u3044""]","安心パックに加入する(+1,080円)","六切サイズ(203mmx254mm)3ポーズあり（19,440円)",希望しない,,11:00,池袋店,43200.00,,,
307,530,685,2765,visit,2017-09-13,パーティ,140cm,21.0cm,"[""\u624b\u304c\u9577\u3044"",""\u3075\u304f\u3088\u304b""]","安心パックに加入する(+1,080円)","六切サイズ(203mmx254mm)3ポーズあり（19,440円)","ヘアセット(浴衣)3,240円",,12:00,渋谷本店,9720.00,,,
308,531,686,1804,deliv,2017-08-30,結婚式,190cm,30.0cm,"[""\u624b\u304c\u9577\u3044"",""\u3075\u304f\u3088\u304b""]","安心パックに加入する(+1,080円)",,,,,,32400.00,,,
309,532,688,840,visit,2017-08-22,結納,190cm,30.0cm,"[""\u624b\u304c\u9577\u3044"",""\u3075\u304f\u3088\u304b""]","安心パックに加入する(+1,080円)",希望しない,希望しない,,10:30,横浜店,43200.00,,,
310,534,692,3442,deliv,2017-08-30,結婚式,195cm,30.5cm,"[""\u624b\u304c\u9577\u3044"",""\u3075\u304f\u3088\u304b""]","安心パックに加入する(+1,080円)",,,,,,32400.00,,,
311,533,690,3621,visit,2017-08-31,結納,200cm以上,31.5cm,"[""\u624b\u304c\u9577\u3044""]","安心パックに加入する(+1,080円)","六切サイズ(203mmx254mm)1ポーズあり（8,640円)","ヘアセット 5,400円",,19:00,渋谷本店,5000.00,,,
312,536,696,2499,visit,2017-08-23,お茶会,195cm,30.0cm,"[""\u624b\u304c\u9577\u3044"",""\u3075\u304f\u3088\u304b""]","安心パックに加入する(+1,080円)","六切サイズ(203mmx254mm)2ポーズあり（14,040円)","ヘアセット(浴衣)3,240円",,10:30,横浜店,43200.00,,,
313,540,703,2177,visit,2017-09-06,パーティ,190cm,28.5cm,"[""\u624b\u304c\u9577\u3044"",""\u3075\u304f\u3088\u304b""]",,"2Lサイズ(127mmx178mm)1ポーズあり（6,480円)","ヘア＆メイク 8,640円",,10:30,池袋店,108000.00,,,
314,540,704,2273,visit,2017-08-22,結婚式,185cm,30.5cm,,,希望しない,希望しない,,10:30,横浜店,145800.00,,,
315,541,705,511,deliv,2017-08-30,結納,190cm,30.5cm,"[""\u624b\u304c\u9577\u3044"",""\u3075\u304f\u3088\u304b""]","安心パックに加入する(+1,080円)",,,,,,64800.00,,,
316,542,707,577,visit,2017-08-30,結婚式,195cm,30.5cm,,,希望しない,希望しない,,10:30,横浜店,75600.00,,,
317,544,710,3506,visit,2017-08-29,パーティ,190cm,30.0cm,"[""\u624b\u304c\u9577\u3044"",""\u3075\u304f\u3088\u304b""]","安心パックに加入する(+1,080円)",希望しない,希望しない,,11:00,池袋店,81000.00,,,
318,545,712,3507,visit,2017-08-29,結婚式,190cm,30.5cm,,,希望しない,希望しない,,10:30,横浜店,86400.00,,,
319,558,734,3493,visit,2017-09-05,結婚式,190cm,31.0cm,,"安心パックに加入する(+1,080円)",希望しない,希望しない,,11:00,池袋店,91800.00,,,
320,559,736,3503,visit,2017-08-30,結納,190cm,30.5cm,,,希望しない,希望しない,,11:00,銀座店,70200.00,,,
321,560,737,2191,deliv,2017-09-30,結婚式,200cm以上,31.5cm,"[""\u624b\u304c\u9577\u3044"",""\u3075\u304f\u3088\u304b""]","安心パックに加入する(+1,080円)",,,,,,108000.00,,,
322,561,739,2509,visit,2017-08-31,結婚式,200cm以上,31.5cm,"[""\u624b\u304c\u9577\u3044"",""\u3075\u304f\u3088\u304b""]","安心パックに加入する(+1,080円)","2Lサイズ(127mmx178mm)3ポーズあり（10,800円)","ヘアセット(カジュアル着物) 3,240円",,11:00,カジュアル着物を銀座店で着付ける,70200.00,,,
323,563,743,3494,deliv,2017-11-22,結婚式,190cm,29.0cm,,"安心パックに加入する(+1,080円)",,,,,,91800.00,,,
324,564,745,2651,visit,2017-08-31,お茶会,180cm,31.0cm,"[""\u624b\u304c\u9577\u3044""]",,希望しない,"ヘア＆メイク 8,640円",,11:00,渋谷本店,21600.00,,,
325,565,746,2487,deliv,2017-08-31,結婚式,200cm以上,31.5cm,"[""\u624b\u304c\u9577\u3044"",""\u3075\u304f\u3088\u304b""]","安心パックに加入する(+1,080円)",,,,,,108000.00,,,
326,566,748,2948,visit,2017-08-31,結婚式,200cm以上,31.5cm,"[""\u624b\u304c\u9577\u3044"",""\u3075\u304f\u3088\u304b""]","安心パックに加入する(+1,080円)","六切サイズ(203mmx254mm)1ポーズあり（8,640円)","ヘアセット 5,400円",,10:00,カジュアル着物を銀座店で着付ける,43200.00,,,
327,567,750,2191,visit,2017-09-25,成人式,200cm以上,31.5cm,"[""\u624b\u304c\u9577\u3044"",""\u3075\u304f\u3088\u304b""]","安心パックに加入する(+1,080円)",希望しない,希望しない,,10:00,浴衣を所属店舗で着付ける,108000.00,,,
328,572,757,3443,deliv,2017-08-31,結納,200cm以上,31.5cm,,,,,,,,48600.00,,,
329,578,767,3495,deliv,2017-08-24,成人式,190cm,30.0cm,,,,,,,,91800.00,,,
330,580,769,2273,deliv,2017-09-01,成人式,195cm,26.5cm,,,,,,,,145800.00,,,
331,580,770,1452,deliv,2017-08-27,卒業式,180cm,25.0cm,,"安心パックに加入する(+1,080円)",,,,,,27000.00,,,
332,584,778,3503,deliv,2017-09-04,卒業式,185cm,30.0cm,,,希望しない,希望しない,,7:30,渋谷本店,70200.00,,,
333,584,779,1895,deliv,2017-09-03,成人式,190cm,30.5cm,,,希望しない,希望しない,,7:30,渋谷本店,32400.00,,,
334,584,780,3427,deliv,2017-10-11,七五三,190cm,30.0cm,,,希望しない,希望しない,,7:30,渋谷本店,43200.00,,,
335,584,781,391,deliv,2017-08-24,卒業式,185cm,28.0cm,,,希望しない,希望しない,,7:30,渋谷本店,54000.00,,,
336,586,784,3480,deliv,2017-09-01,卒業式,190cm,29.0cm,"[""\u624b\u304c\u9577\u3044"",""\u3075\u304f\u3088\u304b""]","安心パックに加入する(+1,080円)",,,,,,81000.00,,,
337,586,786,3427,deliv,2017-09-20,お宮参り,180cm,29.5cm,"[""\u624b\u304c\u9577\u3044""]",,,,,,,43200.00,,,
338,588,788,2191,visit,2017-10-11,成人式,200cm以上,31.5cm,,,希望しない,希望しない,,8:30,池袋店,108000.00,,,
339,590,790,2202,visit,2017-09-01,卒業式,140cm,26.0cm,,,希望しない,希望しない,,8:30,銀座店,108000.00,,,30代
340,593,794,3495,visit,2017-09-14,結婚式,100cm,20.0cm,,"安心パックに加入する(+1,080円)",希望しない,希望しない,,8:30,渋谷本店,91800.00,,,20代
341,593,796,2774,visit,2017-09-08,成人式,190cm,30.5cm,"[""\u624b\u304c\u9577\u3044""]","安心パックに加入する(+1,080円)",希望しない,"ヘアセット5,400円",,11:30,渋谷本店,9720.00,,,50代
342,594,797,2177,visit,2017-09-30,結婚式,200cm以上,31.5cm,,,希望しない,希望しない,,10:30,池袋店,108000.00,,,10代以下
343,595,798,3487,visit,2017-08-25,成人式,195cm,31.0cm,,,希望しない,希望しない,,8:30,渋谷本店,91800.00,,,30代
344,598,802,3504,visit,2017-08-31,卒業式,190cm,30.0cm,,,希望しない,希望しない,,10:00,渋谷本店,59400.00,,,40代
345,599,804,2667,visit,2017-09-01,卒業式,190cm,29.0cm,,,希望しない,希望しない,,9:00,横浜店,43200.00,,,30代
346,600,806,2508,visit,2017-08-31,七五三,190cm,30.5cm,,,希望しない,希望しない,,9:00,渋谷本店,86400.00,,,30代
347,604,811,3507,visit,2017-09-08,入学式,180cm,30.0cm,,,希望しない,希望しない,,8:00,カジュアル着物を銀座店で着付ける,86400.00,,,30代
348,609,817,3621,visit,2017-09-07,成人式,190cm,31.0cm,,,希望しない,希望しない,,9:30,渋谷本店,5000.00,,,40代
349,609,818,3495,visit,2017-09-09,七五三,190cm,29.5cm,,,希望しない,希望しない,,10:00,渋谷本店,91800.00,,,40代
350,610,820,3418,visit,2017-09-01,七五三,185cm,30.0cm,,,希望しない,希望しない,,11:30,渋谷本店,43200.00,,,50代
351,611,822,3419,visit,2017-08-31,卒業式,190cm,30.5cm,,"安心パックに加入する(+1,080円)",希望しない,希望しない,,8:00,浴衣を所属店舗で着付ける,43200.00,,,40代
352,612,825,1435,visit,2017-08-31,入学式,195cm,30.0cm,,"安心パックに加入する(+1,080円)",希望しない,希望しない,,8:30,カジュアル着物を銀座店で着付ける,32400.00,,,40代
353,613,828,1435,visit,2017-09-08,七五三,195cm,31.0cm,,"安心パックに加入する(+1,080円)",希望しない,希望しない,,9:30,渋谷本店,32400.00,,,30代
354,614,831,1897,visit,2017-09-01,入学式,190cm,31.0cm,,"安心パックに加入する(+1,080円)",希望しない,希望しない,,8:30,池袋店,54000.00,,,30代
355,615,834,1464,visit,2017-08-31,入学式,190cm,30.5cm,,"安心パックに加入する(+1,080円)",希望しない,希望しない,,9:30,銀座店,54000.00,,,30代
356,616,837,470,visit,2017-08-31,卒業式,190cm,31.0cm,,"安心パックに加入する(+1,080円)",希望しない,希望しない,,9:00,銀座店,43200.00,,,20代
357,617,840,1462,visit,2017-08-30,卒業式,195cm,29.5cm,,"安心パックに加入する(+1,080円)",希望しない,希望しない,,9:30,渋谷本店,54000.00,,,30代
358,618,843,2499,visit,2017-08-31,成人式,195cm,30.5cm,,"安心パックに加入する(+1,080円)",希望しない,希望しない,,9:00,池袋店,43200.00,,,30代
359,619,846,3507,visit,2017-09-03,卒業式,195cm,31.5cm,,,希望しない,希望しない,,9:30,渋谷本店,86400.00,,,30代
360,622,855,2177,visit,2017-09-13,入学式,190cm,30.5cm,,"安心パックに加入する(+1,080円)",希望しない,希望しない,,11:30,渋谷本店,108000.00,,,40代
361,623,858,3444,visit,2017-09-01,七五三,190cm,31.0cm,,"安心パックに加入する(+1,080円)",希望しない,希望しない,,10:00,渋谷本店,54000.00,,,40代
362,624,861,320,visit,2017-08-31,卒業式,190cm,30.5cm,,"安心パックに加入する(+1,080円)",希望しない,希望しない,,9:30,渋谷本店,37800.00,,,30代
363,625,864,470,visit,2017-09-07,卒業式,190cm,31.0cm,,"安心パックに加入する(+1,080円)",希望しない,希望しない,,9:30,渋谷本店,43200.00,,,30代
364,626,867,3507,visit,2017-09-14,入学式,195cm,31.0cm,,"安心パックに加入する(+1,080円)",希望しない,希望しない,,9:00,渋谷本店,86400.00,,,20代
365,627,870,3444,visit,2017-09-08,卒業式,185cm,30.5cm,,"安心パックに加入する(+1,080円)",希望しない,希望しない,,9:30,渋谷本店,54000.00,,,30代
366,628,873,320,visit,2017-09-07,卒業式,195cm,30.5cm,,"安心パックに加入する(+1,080円)",希望しない,希望しない,,8:00,渋谷本店,37800.00,,,30代
367,628,875,2529,visit,2017-08-30,卒業式,185cm,31.0cm,,"安心パックに加入する(+1,080円)",希望しない,希望しない,,10:00,渋谷本店,43200.00,,,30代
368,633,882,1849,visit,2017-08-31,成人式,185cm,31.0cm,,,希望しない,希望しない,,8:00,横浜店,10800.00,,,20代
369,633,883,2649,visit,2017-08-29,入学式,195cm,31.0cm,,"安心パックに加入する(+1,080円)",希望しない,希望しない,,9:00,渋谷本店,21600.00,,,30代
370,634,886,1849,visit,2017-09-07,入学式,185cm,30.5cm,,"安心パックに加入する(+1,080円)",希望しない,希望しない,,9:30,渋谷本店,10800.00,,,40代
371,635,888,2499,visit,2017-09-07,入学式,190cm,30.0cm,,,希望しない,希望しない,,9:30,渋谷本店,43200.00,,,20代
372,636,890,1849,visit,2017-08-26,卒業式,190cm,30.5cm,,"安心パックに加入する(+1,080円)",希望しない,希望しない,,9:30,渋谷本店,10800.00,,,20代
373,637,892,2177,visit,2017-09-21,卒業式,190cm,30.0cm,,"安心パックに加入する(+1,080円)",希望しない,希望しない,,10:00,渋谷本店,108000.00,,,30代
374,638,895,2488,visit,2017-09-01,お宮参り,190cm,30.0cm,,"安心パックに加入する(+1,080円)",希望しない,希望しない,,9:00,横浜店,37800.00,,,30代
375,639,898,3445,visit,2017-08-30,入学式,195cm,30.5cm,,"安心パックに加入する(+1,080円)",希望しない,希望しない,,8:30,池袋店,37800.00,,,30代
376,640,901,3466,deliv,2017-08-30,結婚式,190cm,30.5cm,,,,,,,,37800.00,,,30代
377,641,902,2686,visit,2017-08-31,成人式,195cm,29.5cm,,,希望しない,希望しない,,11:30,渋谷本店,43200.00,,,30代
378,642,904,3444,visit,2017-08-26,入学式,190cm,30.0cm,,"安心パックに加入する(+1,080円)",希望しない,希望しない,,10:00,渋谷本店,54000.00,,,30代
379,643,907,2497,visit,2017-08-31,成人式,195cm,31.0cm,,"安心パックに加入する(+1,080円)",希望しない,希望しない,,10:00,浴衣を所属店舗で着付ける,54000.00,,,30代
380,643,909,2314,visit,2017-09-07,成人式,190cm,31.0cm,,"安心パックに加入する(+1,080円)",希望しない,希望しない,,9:30,渋谷本店,10800.00,,,30代
381,647,914,2202,visit,2017-08-26,お宮参り,190cm,31.0cm,,"安心パックに加入する(+1,080円)",希望しない,希望しない,,8:00,横浜店,108000.00,,,30代
382,647,916,2332,visit,2017-08-31,卒業式,185cm,31.0cm,,"安心パックに加入する(+1,080円)",希望しない,希望しない,,9:00,横浜店,102600.00,,,20代
383,647,917,3389,visit,2017-08-30,入学式,185cm,31.0cm,,"安心パックに加入する(+1,080円)",希望しない,希望しない,,8:30,横浜店,97200.00,,,20代
384,648,919,3443,visit,2017-09-07,成人式,190cm,31.0cm,,"安心パックに加入する(+1,080円)",希望しない,希望しない,,8:30,渋谷本店,48600.00,,,40代
385,648,921,2497,visit,2017-09-07,入学式,190cm,30.0cm,,,希望しない,希望しない,,9:30,渋谷本店,54000.00,,,30代
386,649,923,786,visit,2017-09-01,入学式,190cm,30.0cm,,"安心パックに加入する(+1,080円)",希望しない,希望しない,,8:30,池袋店,54000.00,,,30代
387,649,925,2484,visit,2017-08-30,卒業式,195cm,31.0cm,,"安心パックに加入する(+1,080円)",希望しない,希望しない,,9:00,渋谷本店,70200.00,,,30代
388,651,929,3621,visit,2017-08-26,成人式,190cm,30.5cm,,"安心パックに加入する(+1,080円)",希望しない,希望しない,,8:30,渋谷本店,5000.00,,,30代
389,651,931,416,visit,2017-09-01,成人式,190cm,30.5cm,,"安心パックに加入する(+1,080円)",希望しない,希望しない,,9:30,渋谷本店,75600.00,,,40代
390,652,933,937,deliv,2017-08-29,結婚式,200cm以上,31.0cm,,,,,,,,27000.00,,,10代以下
391,653,934,2693,deliv,2017-08-31,成人式,195cm,31.5cm,,,,,,,,43200.00,,,20代
392,654,935,3490,visit,2017-08-29,卒業式,190cm,30.5cm,,,希望しない,希望しない,,12:30,横浜店,91800.00,,,30代
393,655,937,3409,visit,2017-08-31,お宮参り,195cm,30.5cm,,,希望しない,希望しない,,8:00,池袋店,43200.00,,,30代
394,667,957,2468,visit,2017-08-30,卒業式,185cm,30.5cm,,,希望しない,希望しない,,8:30,渋谷本店,97200.00,,,30代
395,668,959,405,visit,2017-08-30,卒業式,190cm,30.5cm,,,希望しない,希望しない,,9:30,渋谷本店,54000.00,,,30代
396,669,961,405,visit,2017-08-30,卒業式,190cm,30.5cm,,,希望しない,希望しない,,9:30,渋谷本店,54000.00,,,30代
397,713,1006,655,visit,0000-00-00,結婚式,190cm,30.0cm,,,希望しない,希望しない,,7:30,渋谷本店,,,,10代以下
398,714,1007,655,visit,0000-00-00,結納,180cm,28.0cm,,,希望しない,希望しない,,7:30,渋谷本店,,,,30代
399,715,1008,3419,visit,2017-09-06,卒業式,195cm,31.0cm,,,希望しない,希望しない,,9:30,横浜店,43200.00,,,30代
400,715,1009,3397,visit,2017-09-02,卒業式,190cm,31.0cm,,"安心パックに加入する(+1,080円)",希望する,"ヘアセット5,400円",,8:00,渋谷本店,48600.00,,,30代
401,718,1014,3621,visit,0000-00-00,結婚式,190cm,30.5cm,,,希望しない,希望しない,,7:30,渋谷本店,,,,10代以下
402,718,1015,2279,visit,0000-00-00,結婚式,180cm,28.0cm,,,希望しない,希望しない,,7:30,渋谷本店,,,,10代以下
403,719,1016,3621,visit,2017-08-30,結婚式,200cm以上,31.5cm,,"安心パックに加入する(+1,080円)",希望しない,希望しない,,7:30,渋谷本店,,,,10代以下
404,719,1017,655,visit,2017-08-30,結婚式,200cm以上,31.5cm,,,希望しない,希望しない,,7:30,渋谷本店,,,,10代以下
405,720,1019,655,visit,2017-08-30,結婚式,200cm以上,31.5cm,,"安心パックに加入する(+1,080円)",希望しない,希望しない,,7:30,渋谷本店,,,,10代以下
406,721,1021,655,visit,2017-08-30,結婚式,200cm以上,31.5cm,,"安心パックに加入する(+1,080円)",希望しない,希望しない,,7:30,渋谷本店,,,,10代以下
407,721,1022,2508,visit,2017-08-30,結婚式,200cm以上,31.5cm,,,希望しない,希望しない,,7:30,渋谷本店,,,,10代以下
408,722,1024,3621,visit,2017-08-30,結婚式,200cm以上,31.5cm,,"安心パックに加入する(+1,080円)",希望しない,希望しない,,7:30,渋谷本店,,,,10代以下
409,722,1025,2279,visit,2017-08-30,結婚式,200cm以上,31.5cm,,,希望しない,希望しない,,7:30,渋谷本店,,,,10代以下
410,723,1027,567,visit,2017-07-15,,,,,,,,,,横浜店,,4,4,
411,724,1028,567,visit,0000-00-00,,,,,,,,,,渋谷本店,,2017,2017,20代
412,725,1029,567,visit,2017-07-15,,,,,,,,,,渋谷本店,,3,5,20代
413,726,1030,655,visit,2017-08-31,成人式,195cm,31.0cm,,,希望しない,希望しない,,8:30,池袋店,27000.00,,,30代
414,727,1032,567,visit,2017-07-15,,,,,,,,,,渋谷本店,,3,5,20代
415,728,1033,567,visit,2017-07-15,,,,,,,,,,渋谷本店,,3,5,20代
416,729,1034,655,visit,2017-08-31,結婚式,200cm以上,31.5cm,,"安心パックに加入する(+1,080円)",希望しない,希望しない,,7:30,渋谷本店,,,,10代以下
417,730,1036,3621,visit,2017-08-31,結婚式,200cm以上,27.0cm,,"安心パックに加入する(+1,080円)",希望しない,希望しない,,7:30,渋谷本店,,,,10代以下
418,730,1037,655,visit,2017-08-31,結婚式,200cm以上,30.0cm,,,希望しない,希望しない,,7:30,渋谷本店,,,,10代以下
419,743,1066,3621,visit,2017-08-31,結婚式,200cm以上,29.5cm,,"安心パックに加入する(+1,080円)",希望しない,希望しない,,7:30,渋谷本店,,,,10代以下
420,743,1067,655,visit,2017-08-31,結婚式,200cm以上,25.5cm,,"安心パックに加入する(+1,080円)",希望しない,希望しない,,7:30,渋谷本店,,,,10代以下
421,744,1069,3621,visit,2017-09-01,結婚式,200cm以上,31.5cm,,"安心パックに加入する(+1,080円)",希望しない,希望しない,,7:30,渋谷本店,,,,10代以下
422,744,1070,655,visit,2017-09-01,結婚式,200cm以上,31.5cm,,"安心パックに加入する(+1,080円)",希望しない,希望しない,,7:30,渋谷本店,,,,10代以下
423,745,1072,3621,visit,2017-09-14,成人式,195cm,31.5cm,,,希望しない,希望しない,,8:30,渋谷本店,5000.00,,,40代
424,745,1073,655,visit,2017-09-15,入学式,195cm,31.0cm,,"安心パックに加入する(+1,080円)",希望しない,希望しない,,8:30,渋谷本店,27000.00,,,30代
425,746,1076,3621,visit,2017-09-01,結婚式,200cm以上,31.5cm,,,希望しない,希望しない,,7:30,渋谷本店,,,,10代以下
426,746,1077,655,visit,2017-09-01,結婚式,200cm以上,31.5cm,,"安心パックに加入する(+1,080円)",希望しない,希望しない,,7:30,渋谷本店,,,,10代以下
427,748,1082,3621,visit,2017-09-01,結婚式,200cm以上,31.5cm,,"安心パックに加入する(+1,080円)",希望しない,希望しない,,7:30,渋谷本店,,,,10代以下
428,748,1083,655,visit,2017-09-01,結婚式,200cm以上,31.5cm,,"安心パックに加入する(+1,080円)",希望しない,希望しない,,7:30,渋谷本店,,,,10代以下
429,749,1086,655,visit,2017-09-29,結婚式,200cm以上,31.5cm,,,希望しない,希望しない,,7:30,渋谷本店,,,,10代以下
430,750,1088,655,visit,2017-09-01,結婚式,200cm以上,31.5cm,,,希望しない,希望しない,,7:30,渋谷本店,,,,10代以下
431,751,1090,655,visit,2017-09-01,結婚式,200cm以上,31.5cm,,,希望しない,希望しない,,7:30,渋谷本店,,,,10代以下
432,751,1091,2279,visit,2017-09-01,結婚式,200cm以上,31.5cm,,,希望しない,希望しない,,7:30,渋谷本店,,,,10代以下
433,752,1093,2010,visit,2017-09-01,結婚式,200cm以上,31.5cm,,"安心パックに加入する(+1,080円)",希望しない,希望しない,,7:30,渋谷本店,,,,10代以下
434,752,1094,1746,visit,2017-09-01,結婚式,200cm以上,31.5cm,,,希望しない,希望しない,,7:30,渋谷本店,,,,10代以下
435,753,1097,2010,visit,2017-09-01,結婚式,200cm以上,31.5cm,,"安心パックに加入する(+1,080円)",希望しない,希望しない,,7:30,渋谷本店,,4,4,10代以下
436,753,1098,1746,visit,2017-09-01,結婚式,200cm以上,31.5cm,,,希望しない,希望しない,,7:30,渋谷本店,,,,10代以下
437,754,1101,655,visit,2017-09-04,結婚式,200cm以上,31.5cm,,"安心パックに加入する(+1,080円)",希望しない,希望しない,,7:30,渋谷本店,,4,4,10代以下
438,755,1104,2010,visit,2017-09-04,結婚式,200cm以上,31.5cm,,,希望しない,希望しない,,7:30,渋谷本店,,4,4,10代以下
439,756,1106,2010,visit,2017-09-04,結婚式,200cm以上,31.5cm,,"安心パックに加入する(+1,080円)",希望しない,希望しない,,7:30,渋谷本店,,4,4,10代以下
440,756,1108,2194,visit,2017-09-04,結婚式,200cm以上,31.5cm,,,希望しない,希望しない,,7:30,渋谷本店,,4,4,10代以下
441,757,1110,3489,deliv,2017-09-01,成人式,195cm,30.5cm,,"安心パックに加入する(+1,080円)",,,,,,91800.00,,,20代
442,757,1112,2194,deliv,2017-09-21,成人式,195cm,31.0cm,,,,,,,,108000.00,,,20代
443,758,1113,411,deliv,2017-09-14,卒業式,190cm,30.5cm,,,,,,,,86400.00,4,4,50代
444,759,1114,2194,visit,2017-09-29,成人式,190cm,31.0cm,,,希望しない,希望しない,,8:00,池袋店,108000.00,4,4,20代
445,760,1116,567,visit,2017-07-15,,,,,,,,,,渋谷本店,,3,5,20代
446,761,1117,567,visit,2017-07-15,,,,,,,,,,渋谷本店,,3,5,20代
447,764,1122,3409,visit,2017-09-13,入学式,195cm,30.5cm,,,希望しない,希望しない,,8:30,池袋店,43200.00,4,4,30代
448,766,1126,3410,visit,2017-09-13,卒業式,190cm,30.0cm,,,希望しない,希望しない,,8:30,池袋店,59400.00,4,4,40代
449,766,1127,3491,visit,2017-09-21,入学式,185cm,30.5cm,,,希望しない,希望しない,,9:00,池袋店,91800.00,4,4,30代
450,766,1128,3497,visit,2017-09-19,入学式,190cm,30.0cm,,"安心パックに加入する(+1,080円)",希望しない,希望しない,,10:30,池袋店,32400.00,4,4,40代
451,767,1131,3387,visit,2017-09-13,卒業式,195cm,30.5cm,,,希望しない,希望しない,,8:30,銀座店,162000.00,4,4,20代
452,768,1133,3387,visit,2017-09-21,卒業式,185cm,30.0cm,,,希望しない,希望しない,,11:00,渋谷本店,162000.00,4,4,30代
453,772,1139,3387,visit,2017-09-27,結婚式,200cm以上,31.5cm,,,希望しない,希望しない,,8:00,渋谷本店,162000.00,4,4,10代以下
454,773,1141,567,visit,2017-10-10,,,,,,,,,,渋谷本店,,2,2,30代
455,774,1142,3387,deliv,2017-09-08,成人式,200cm以上,30.5cm,,,,,,,,162000.00,4,4,20代
456,775,1143,3387,visit,2017-09-07,入学式,195cm,29.5cm,,,希望しない,希望しない,,9:30,池袋店,162000.00,4,4,10代以下
457,776,1145,3412,visit,2017-09-13,七五三,190cm,30.5cm,,,希望しない,希望しない,,8:30,横浜店,48600.00,4,4,30代
458,777,1147,3387,visit,2017-10-05,七五三,195cm,31.0cm,,,希望しない,希望しない,,8:30,池袋店,162000.00,4,4,30代
459,778,1149,2194,visit,2017-09-13,卒業式,175cm,30.5cm,,,希望しない,希望しない,,9:00,池袋店,108000.00,4,4,30代
460,779,1151,2194,visit,2017-10-05,成人式,195cm,31.0cm,,,希望しない,希望しない,,9:30,渋谷本店,108000.00,4,4,20代
461,780,1153,3490,deliv,2017-09-20,結婚式,195cm,31.0cm,,,,,,,,91800.00,4,4,10代以下
462,781,1154,3490,visit,2017-09-12,卒業式,195cm,31.0cm,,,希望しない,希望しない,,9:00,渋谷本店,8000.00,4,4,20代
463,781,1155,416,visit,2017-09-21,卒業式,190cm,29.5cm,,,希望しない,希望しない,,9:00,渋谷本店,15000.00,4,4,30代
464,784,1161,3412,visit,2017-09-27,成人式,180cm,30.0cm,,,希望しない,希望しない,,10:30,渋谷本店,48600.00,4,4,50代
465,785,1163,2691,visit,2017-09-22,結婚式,195cm,31.0cm,,,希望しない,希望しない,,8:30,渋谷本店,43200.00,4,4,10代以下
466,786,1165,567,visit,2017-07-15,結婚式,200cm以上,31.5cm,,,,,,20代,渋谷本店,,3,5,20代
467,787,1166,567,visit,2017-09-21,結婚式,195cm,31.0cm,,,希望しない,希望しない,,7:30,横浜店,32400.00,4,4,20代
468,788,1168,567,deliv,2017-09-13,成人式,200cm以上,31.0cm,,,,,,,,32400.00,4,4,20代
469,789,1169,567,visit,2017-07-15,結婚式,200cm以上,31.5cm,,,,,,20代,渋谷本店,,3,5,20代
470,790,1170,567,visit,2017-07-15,結婚式,200cm以上,31.5cm,,,,,,7:30,渋谷本店,34992.00,3,5,20代
471,791,1171,567,visit,2017-07-15,結婚式,200cm以上,31.5cm,,,,,,7:30,渋谷本店,32400.00,3,5,20代
472,792,1172,567,visit,2017-07-15,結婚式,200cm以上,31.5cm,,,,,,7:30,渋谷本店,32400.00,3,5,20代
473,793,1173,567,visit,2017-07-15,結婚式,200cm以上,31.5cm,,,希望しない,希望しない,,7:30,渋谷本店,32400.00,3,5,20代
474,794,1174,567,visit,2017-07-15,卒業式,200cm以上,26.5cm,,,希望しない,希望しない,,8:30,渋谷本店,32400.00,3,5,20代
475,795,1175,567,visit,2017-07-15,卒業式,190cm,26.5cm,,,希望しない,希望しない,,8:30,渋谷本店,32400.00,3,5,20代
476,796,1178,567,visit,2017-09-14,入学式,185cm,30.0cm,,,希望しない,希望しない,,9:30,横浜店,32400.00,4,4,40代
477,798,1182,567,visit,2017-07-15,卒業式,190cm,26.5cm,,,,,,8:30,渋谷本店,32400.00,3,5,20代
478,799,1183,2279,visit,2017-09-20,結婚式,200cm以上,31.5cm,,,希望しない,希望しない,,7:30,渋谷本店,,4,4,10代以下
479,800,1184,2279,visit,2017-09-20,結婚式,200cm以上,31.5cm,,,希望しない,希望しない,,7:30,渋谷本店,,4,4,10代以下
480,801,1186,655,visit,2017-09-20,結婚式,200cm以上,31.5cm,,,希望しない,希望しない,,7:30,渋谷本店,,4,4,10代以下
481,802,1187,2279,visit,2017-09-20,結婚式,200cm以上,31.5cm,,,希望しない,希望しない,,7:30,渋谷本店,,4,4,10代以下
482,803,1189,2500,visit,2017-09-20,結婚式,200cm以上,31.5cm,,,希望しない,希望しない,,7:30,渋谷本店,,4,4,10代以下
483,804,1191,3467,deliv,2017-09-30,結婚式,200cm以上,31.5cm,,,,,,,,108000.00,4,4,10代以下
484,805,1192,720,visit,2017-09-30,結婚式,200cm以上,31.5cm,"[""\u624b\u304c\u9577\u3044"",""\u3075\u304f\u3088\u304b""]",,希望する,"ヘアセット5,400円",,7:30,池袋店,86400.00,4,4,10代以下
485,806,1194,3489,visit,2017-09-30,結婚式,200cm以上,31.5cm,,,希望しない,希望しない,,7:30,渋谷本店,91800.00,4,4,10代以下
486,807,1196,472,visit,2017-09-30,結婚式,200cm以上,31.5cm,,"安心パックに加入する(+1,080円)",希望しない,希望しない,,7:30,渋谷本店,43200.00,4,4,10代以下
487,813,1206,3326,visit,2017-09-30,結婚式,190cm以上,31.5cm,,"安心パックに加入する(+1,080円)",希望しない,希望しない,,7:30,渋谷本店,43200.00,4,4,10代以下
488,814,1209,2685,visit,2017-09-30,結婚式,190cm以上,31.5cm,,"安心パックに加入する(+1,080円)",希望しない,希望しない,,7:30,渋谷本店,43200.00,4,4,10代以下
489,816,1214,2198,deliv,2017-09-29,卒業式,186cm,31.0cm,,,,,,,,108000.00,4,4,40代
490,817,1215,2198,visit,2017-09-28,成人式,189cm,31.5cm,,,希望しない,希望しない,,10:00,池袋店,108000.00,4,4,20代
491,818,1217,3419,deliv,2017-09-30,結婚式,190cm以上,31.5cm,,"安心パックに加入する(+1,080円)",,,,,,43200.00,4,4,10代以下
492,819,1219,3079,visit,2017-09-30,結婚式,190cm以上,31.5cm,,"安心パックに加入する(+1,080円)",希望しない,希望しない,,7:30,渋谷本店,32400.00,4,4,10代以下
493,820,1224,2486,deliv,2017-09-29,結婚式,187cm,30.5cm,,,,,,,,86400.00,4,4,20代
494,821,1225,2176,visit,2017-09-28,入学式,189cm,30.5cm,,,希望しない,希望しない,,9:00,渋谷本店,43200.00,4,4,30代
495,822,1227,2156,visit,2017-09-28,入学式,188cm,30.5cm,,"安心パックに加入する(+1,080円)",希望しない,希望しない,,8:30,池袋店,54000.00,4,4,30代
496,823,1231,1577,deliv,2017-09-27,結婚式,188cm,31.0cm,,"安心パックに加入する(+1,080円)",,,,,,27000.00,4,4,30代
497,824,1233,2129,visit,2017-09-28,成人式,186cm,30.0cm,,"安心パックに加入する(+1,080円)",希望しない,希望しない,,7:30,渋谷本店,37800.00,4,4,20代
498,825,1237,357,visit,2017-09-28,成人式,187cm,30.5cm,,"安心パックに加入する(+1,080円)",希望しない,希望しない,,8:30,銀座店,59400.00,4,4,30代
499,829,1247,2632,visit,2017-09-27,成人式,190cm以上,31.0cm,,,希望しない,希望しない,,8:30,池袋店,48600.00,4,4,30代
500,835,1256,728,deliv,2017-09-28,成人式,190cm以上,31.0cm,,"安心パックに加入する(+1,080円)",,,,,,37800.00,4,4,20代
501,832,1251,494,visit,2017-09-27,卒業式,190cm以上,31.5cm,,"安心パックに加入する(+1,080円)",希望しない,希望しない,,9:00,銀座店,48600.00,4,4,10代以下
502,837,1260,728,visit,2017-10-04,成人式,189cm,31.0cm,,"安心パックに加入する(+1,080円)",希望しない,希望しない,,7:30,浴衣を所属店舗で着付ける,37800.00,4,4,30代
503,838,1263,416,visit,2017-09-30,結婚式,190cm以上,31.0cm,,"安心パックに加入する(+1,080円)",希望しない,希望しない,,7:30,渋谷本店,15000.00,4,4,10代以下
504,839,1265,2720,visit,2017-09-30,結婚式,190cm以上,31.5cm,,"安心パックに加入する(+1,080円)",希望しない,希望しない,,7:30,渋谷本店,39960.00,4,4,10代以下
505,840,1268,728,visit,2017-10-10,成人式,190cm以上,30.0cm,,"安心パックに加入する(+1,080円)",希望しない,希望しない,,8:30,横浜店,37800.00,4,4,40代
506,841,1271,484,visit,2017-09-29,入学式,189cm,30.0cm,,"安心パックに加入する(+1,080円)",希望しない,希望しない,,9:00,横浜店,54000.00,4,4,20代
507,842,1274,571,visit,2017-09-28,卒業式,187cm,31.0cm,,"安心パックに加入する(+1,080円)",希望しない,希望しない,,9:00,横浜店,27000.00,4,4,30代
508,843,1277,2569,visit,2017-09-28,卒業式,189cm,31.0cm,,,希望しない,希望しない,,8:30,銀座店,32400.00,4,4,10代以下
509,844,1279,3011,visit,2017-09-28,七五三,187cm,30.5cm,,"安心パックに加入する(+1,080円)",希望しない,希望しない,,9:30,渋谷本店,10800.00,4,4,20代
510,846,1284,1740,visit,2017-09-28,卒業式,189cm,30.5cm,,"安心パックに加入する(+1,080円)",希望しない,希望しない,,8:30,渋谷本店,32400.00,4,4,20代
511,847,1287,2567,visit,2017-09-28,入学式,189cm,31.0cm,,,希望しない,希望しない,,8:30,銀座店,37800.00,4,4,40代
512,848,1289,782,visit,2017-09-27,結婚式,189cm,31.0cm,,,希望しない,希望しない,,7:30,横浜店,75600.00,4,4,20代
513,849,1291,3387,visit,2017-10-18,入学式,190cm以上,30.0cm,,,希望しない,希望しない,,9:30,渋谷本店,162000.00,4,4,30代
514,850,1293,503,visit,2017-09-27,七五三,188cm,30.5cm,,,希望しない,希望しない,,9:00,渋谷本店,43200.00,4,4,20代
515,851,1295,3395,visit,2017-09-28,卒業式,189cm,30.5cm,,"安心パックに加入する(+1,080円)",希望しない,希望しない,,9:00,池袋店,37800.00,4,4,20代
516,852,1298,2111,visit,2017-09-28,卒業式,189cm,31.0cm,,,希望しない,希望しない,,9:00,横浜店,37800.00,4,4,20代
517,853,1300,3489,visit,2017-10-07,結婚式,190cm以上,31.5cm,,"安心パックに加入する(+1,080円)",希望しない,希望しない,,7:30,渋谷本店,91800.00,4,4,10代以下
518,854,1303,2672,deliv,2017-09-30,成人式,183cm,31.5cm,,"安心パックに加入する(+1,080円)",,,,,,39960.00,4,4,10代以下
519,855,1305,2362,visit,2017-09-28,入学式,186cm,31.0cm,,"安心パックに加入する(+1,080円)",希望しない,希望しない,,8:00,池袋店,48600.00,4,4,40代
520,856,1308,2660,deliv,2017-09-30,結婚式,190cm以上,31.5cm,,"安心パックに加入する(+1,080円)",,,,,,21600.00,4,4,10代以下
521,858,1313,1995,visit,2017-09-30,結婚式,190cm以上,31.5cm,,"安心パックに加入する(+1,080円)",希望しない,希望しない,,7:30,渋谷本店,43200.00,4,4,10代以下
522,857,1310,3387,visit,2017-10-12,卒業式,188cm,31.5cm,,"安心パックに加入する(+1,080円)",希望しない,希望しない,,9:00,渋谷本店,162000.00,4,4,20代
523,860,1338,565,visit,2017-09-29,卒業式,189cm,31.0cm,,"安心パックに加入する(+1,080円)",希望しない,希望しない,,8:30,池袋店,59400.00,4,4,20代
524,860,1340,539,visit,2017-09-28,成人式,188cm,31.0cm,,"安心パックに加入する(+1,080円)",希望しない,希望しない,,8:30,渋谷本店,59400.00,4,4,30代
525,861,1342,411,deliv,2017-09-27,卒業式,188cm,31.0cm,,,,,,,,86400.00,4,4,30代
526,862,1343,3387,deliv,2017-10-25,卒業式,187cm,30.5cm,,"安心パックに加入する(+1,080円)",,,,,,162000.00,4,4,30代
527,863,1345,3399,deliv,2017-09-28,成人式,189cm,30.5cm,,"安心パックに加入する(+1,080円)",,,,,,70200.00,4,4,30代
528,864,1347,484,deliv,2017-10-04,卒業式,186cm,30.5cm,,"安心パックに加入する(+1,080円)",,,,,,54000.00,4,4,20代
529,865,1349,3387,visit,2017-10-31,卒業式,189cm,31.0cm,,"安心パックに加入する(+1,080円)",希望しない,希望しない,,9:30,池袋店,162000.00,4,4,20代
530,868,1356,3395,visit,2017-10-04,結納,189cm,31.0cm,,"安心パックに加入する(+1,080円)",希望しない,希望しない,,8:00,銀座店,37800.00,4,4,10代以下
532,870,1361,2284,visit,2017-10-05,入学式,188cm,30.0cm,,"安心パックに加入する(+1,080円)",希望しない,希望しない,,8:30,渋谷本店,108000.00,4,4,40代
533,871,1364,365,visit,2017-09-29,七五三,187cm,31.0cm,,,希望しない,希望しない,,8:00,池袋店,97200.00,4,4,30代
534,872,1366,2687,visit,2017-09-28,入学式,189cm,30.5cm,,"安心パックに加入する(+1,080円)",希望しない,希望しない,,9:00,銀座店,39960.00,4,4,10代以下
535,873,1369,504,visit,2017-10-28,結婚式,190cm以上,31.0cm,,,希望しない,希望しない,,7:30,渋谷本店,48600.00,4,4,10代以下
536,874,1371,2679,visit,2017-10-27,結婚式,190cm以上,31.5cm,"[""\u624b\u304c\u9577\u3044""]","安心パックに加入する(+1,080円)",希望する,"ヘアセット（浴衣・小紋）3,240円",,7:30,銀座店,43200.00,4,4,20代
537,876,1376,2679,deliv,2017-10-20,結婚式,190cm以上,31.0cm,"[""\u624b\u304c\u9577\u3044""]","安心パックに加入する(+1,080円)",,,,,,43200.00,4,4,20代
538,877,1378,3621,visit,2017-10-28,成人式,190cm以上,31.5cm,"[""\u624b\u304c\u9577\u3044""]","安心パックに加入する(+1,080円)",希望する,"ヘアセット（浴衣・小紋）3,240円",,7:30,渋谷本店,5000.00,4,4,10代以下
539,880,1383,3507,deliv,2017-10-12,結婚式,190cm以上,31.5cm,"[""\u624b\u304c\u9577\u3044""]","安心パックに加入する(+1,080円)",,,,,,86400.00,4,4,10代以下
540,881,1385,2176,deliv,2017-10-12,卒業式,189cm,31.0cm,,,,,,,,43200.00,4,4,10代以下
541,882,1386,2176,deliv,2017-10-06,成人式,188cm,31.0cm,,,,,,,,43200.00,4,4,10代以下
542,889,1396,2198,deliv,2017-10-19,成人式,188cm,30.5cm,,,,,,,,108000.00,4,4,20代
543,890,1397,2592,visit,2017-10-17,成人式,189cm,31.0cm,,"安心パックに加入する(+1,080円)",希望しない,希望しない,,9:00,池袋店,48600.00,4,4,30代
544,891,1402,365,visit,2017-10-24,成人式,189cm,30.5cm,,,希望しない,希望しない,,8:00,池袋店,97200.00,4,4,20代
545,892,1404,484,visit,2017-10-17,結婚式,189cm,31.5cm,,,希望しない,希望しない,,7:30,池袋店,54000.00,4,4,20代
546,893,1409,484,visit,2017-10-11,卒業式,189cm,30.5cm,,,希望しない,希望しない,,9:00,銀座店,54000.00,4,4,20代
547,894,1411,484,visit,2017-10-24,成人式,189cm,31.0cm,,,希望しない,希望しない,,9:30,銀座店,54000.00,4,4,20代
548,895,1413,484,visit,2017-10-31,結婚式,190cm以上,31.0cm,,,希望しない,希望しない,,8:00,池袋店,54000.00,4,4,20代
549,896,1415,479,visit,2017-10-31,結婚式,189cm,30.5cm,,"安心パックに加入する(+1,080円)",希望しない,希望しない,,7:30,池袋店,32400.00,4,4,20代
550,897,1418,484,visit,2017-11-15,入学式,189cm,31.5cm,,"安心パックに加入する(+1,080円)",希望しない,希望しない,,8:30,銀座店,54000.00,4,4,20代
551,898,1421,2284,visit,2017-10-11,結婚式,189cm,30.5cm,,"安心パックに加入する(+1,080円)",希望する,希望しない,,8:30,池袋店,108000.00,4,4,10代以下
552,899,1424,2284,visit,2017-10-25,成人式,190cm以上,31.5cm,,,希望しない,希望しない,,9:00,池袋店,108000.00,4,4,30代
553,900,1426,571,visit,2017-10-17,卒業式,189cm,30.5cm,,"安心パックに加入する(+1,080円)",希望しない,希望しない,,7:30,横浜店,27000.00,4,4,20代
554,901,1429,571,visit,2017-10-10,成人式,189cm,30.0cm,,"安心パックに加入する(+1,080円)",希望しない,希望しない,,8:00,池袋店,27000.00,4,4,10代以下
555,902,1432,2284,visit,2017-10-17,卒業式,188cm,30.5cm,,,希望しない,希望しない,,8:00,銀座店,108000.00,4,4,20代
556,903,1434,479,visit,2017-10-10,成人式,189cm,31.0cm,,,希望しない,希望しない,,7:30,池袋店,32400.00,4,4,10代以下
557,904,1436,571,visit,2017-10-25,七五三,189cm,31.0cm,,,希望しない,希望しない,,8:00,浴衣を所属店舗で着付ける,27000.00,4,4,30代
558,905,1438,2546,visit,2017-10-24,成人式,188cm,31.5cm,,,希望しない,希望しない,,8:00,池袋店,48600.00,4,4,10代以下
559,906,1440,484,visit,2017-11-22,入学式,189cm,30.5cm,,,希望しない,希望しない,,8:30,渋谷本店,54000.00,4,4,30代
560,907,1442,351,visit,2017-10-17,成人式,190cm以上,31.5cm,,,希望しない,希望しない,,8:00,横浜店,151200.00,4,4,40代
561,908,1444,351,visit,2017-10-11,卒業式,190cm以上,31.5cm,,,希望しない,希望しない,,8:30,銀座店,151200.00,4,4,20代
562,909,1446,2202,visit,2017-10-13,成人式,189cm,31.0cm,,,希望しない,希望しない,,8:00,横浜店,108000.00,4,4,10代以下
563,910,1448,2487,visit,2017-10-11,結婚式,190cm以上,31.5cm,,,希望しない,希望しない,,7:30,渋谷本店,,4,4,10代以下
564,911,1449,2194,visit,2017-10-20,成人式,189cm,31.5cm,,,希望しない,希望しない,,9:00,渋谷本店,108000.00,4,4,10代以下
565,913,1453,512,visit,2017-10-20,成人式,188cm,31.0cm,,,希望しない,希望しない,,8:00,池袋店,54000.00,4,4,10代以下
566,912,1451,386,deliv,2017-10-20,成人式,190cm以上,31.5cm,"[""\u624b\u304c\u9577\u3044""]","安心パックに加入する(+1,080円)",,,,,,64800.00,4,4,10代以下
567,914,1455,2154,visit,2017-10-20,入学式,189cm,30.5cm,,,希望しない,希望しない,,8:00,銀座店,48600.00,4,4,20代
568,917,1459,2176,deliv,2017-10-19,結婚式,189cm,30.5cm,,,,,,,,43200.00,4,4,20代
569,917,1460,489,deliv,2017-10-13,入学式,188cm,30.0cm,,,,,,,,32400.00,4,4,20代
570,918,1461,2788,deliv,2017-10-21,結婚式,190cm以上,31.5cm,"[""\u3075\u304f\u3088\u304b""]","安心パックに加入する(+1,080円)",,,,,,59400.00,4,4,10代以下
571,919,1463,489,visit,2017-10-26,卒業式,189cm,31.5cm,,,希望しない,希望しない,,7:30,銀座店,32400.00,4,4,20代
572,920,1465,3420,visit,2017-10-20,成人式,189cm,30.5cm,,,希望しない,希望しない,,9:30,渋谷本店,37800.00,4,4,20代
573,921,1467,779,deliv,2017-10-19,卒業式,189cm,30.5cm,,,,,,,,37800.00,4,4,10代以下
574,922,1468,1924,visit,2017-10-20,卒業式,188cm,30.0cm,,,希望しない,希望しない,,9:00,池袋店,54000.00,4,4,30代
575,923,1470,505,visit,2017-10-19,入学式,189cm,31.0cm,,,希望しない,希望しない,,9:30,銀座店,48600.00,4,4,20代
576,924,1472,2684,deliv,2017-10-19,結婚式,190cm以上,31.5cm,"[""\u624b\u304c\u9577\u3044""]","安心パックに加入する(+1,080円)",,,,,,36720.00,4,4,10代以下
577,925,1474,3501,deliv,2017-10-13,結婚式,190cm以上,31.0cm,"[""\u624b\u304c\u9577\u3044""]","安心パックに加入する(+1,080円)",,,,,,108000.00,4,4,10代以下
578,927,1478,2692,visit,2017-10-28,結婚式,190cm以上,31.5cm,"[""\u624b\u304c\u9577\u3044""]","安心パックに加入する(+1,080円)",希望しない,希望しない,,7:30,渋谷本店,39960.00,4,4,10代以下
579,928,1481,3427,visit,2017-11-03,結婚式,190cm以上,31.5cm,,"安心パックに加入する(+1,080円)",希望しない,希望しない,,7:30,渋谷本店,43200.00,4,4,10代以下
580,929,1484,3388,visit,2017-10-20,結婚式,190cm以上,31.0cm,,"安心パックに加入する(+1,080円)",希望しない,希望しない,,7:30,渋谷本店,97200.00,4,4,10代以下
581,938,1505,2704,visit,2017-10-20,結婚式,190cm以上,31.5cm,,"安心パックに加入する(+1,080円)",希望しない,希望しない,,7:30,渋谷本店,43200.00,4,4,10代以下
582,938,1507,2707,visit,2017-10-19,結婚式,190cm以上,31.5cm,,,希望しない,希望しない,,7:30,渋谷本店,43200.00,4,4,10代以下
583,946,1522,2194,deliv,2018-01-25,成人式,190cm以上,31.5cm,,,,,,,,108000.00,4,4,10代以下
584,946,1523,324,deliv,2018-01-31,入学式,185cm,31.5cm,,,,,,,,37800.00,4,4,10代以下
585,947,1524,2194,deliv,2018-01-30,結婚式,190cm以上,30.0cm,,,,,,,,108000.00,4,4,10代以下
586,947,1525,3072,deliv,2018-01-27,成人式,190cm以上,31.0cm,,"安心パックに加入する(+1,080円)",,,,,,27000.00,4,4,20代
587,949,1529,2684,deliv,2018-01-31,卒業式,190cm以上,31.0cm,,"安心パックに加入する(+1,080円)",,,,,,36720.00,4,4,20代
588,949,1531,2154,deliv,2018-01-25,成人式,190cm以上,31.5cm,,"安心パックに加入する(+1,080円)",,,,,,48600.00,4,4,10代以下
589,950,1532,2175,visit,2018-02-20,結婚式,190cm以上,31.0cm,,,希望しない,希望しない,,7:30,渋谷本店,54000.00,4,4,10代以下
590,952,1535,1867,visit,2018-02-23,卒業式,188cm,30.0cm,,,希望しない,希望しない,,9:00,横浜店,86400.00,4,4,20代
591,954,1538,482,visit,2018-02-15,成人式,190cm以上,30.5cm,,,希望しない,希望しない,,8:30,銀座店,43200.00,4,4,20代
592,955,1540,359,visit,2018-02-22,成人式,189cm,30.5cm,,,希望しない,希望しない,,8:00,渋谷本店,32400.00,4,4,30代
593,956,1542,2194,deliv,2018-02-22,卒業式,187cm,30.0cm,,,,,,,,108000.00,4,4,20代
594,958,1545,566,deliv,2018-02-13,卒業式,186cm,30.5cm,,,,,,,,37800.00,4,4,30代
595,959,1546,566,deliv,2018-02-21,卒業式,188cm,31.0cm,,,,,,,,37800.00,4,4,20代
596,960,1547,3135,visit,2018-02-28,その他,190cm以上,31.5cm,,,希望する,"ヘアセット（浴衣・小紋）3,240円",,7:30,渋谷本店,43200.00,4,4,10代以下
597,961,1549,404,visit,2018-02-21,入学式,189cm,30.5cm,,"安心パックに加入する(+1,080円)",希望する,"ヘアセット5,400円",,8:30,池袋店,97200.00,4,4,30代
598,961,1551,2570,visit,2018-02-28,卒業式,188cm,30.0cm,,,希望しない,希望しない,,8:30,渋谷本店,32400.00,4,4,40代
599,962,1553,3492,visit,2018-02-28,入学式,188cm,31.0cm,,"安心パックに加入する(+1,080円)",希望しない,"ヘアセット（浴衣・小紋）3,240円",,8:30,池袋店,91800.00,4,4,30代
600,962,1555,2313,visit,2018-02-21,卒業式,190cm以上,30.0cm,,,希望しない,希望しない,,10:00,渋谷本店,10800.00,4,4,20代
601,964,1559,2191,visit,2018-02-28,卒業式,190cm以上,30.5cm,,"安心パックに加入する(+1,080円)",希望する,"ヘア＆メイク8,640円",,9:00,渋谷本店,108000.00,4,4,20代
602,964,1561,469,visit,2018-02-15,卒業式,188cm,30.5cm,,,希望する,希望しない,,8:30,横浜店,32400.00,4,4,30代
603,965,1563,469,deliv,2018-02-22,入学式,190cm以上,30.5cm,,"安心パックに加入する(+1,080円)",,,,,,32400.00,4,4,20代
604,965,1565,1903,deliv,2018-02-23,入学式,188cm,31.0cm,,"安心パックに加入する(+1,080円)",,,,,,59400.00,4,4,20代
605,966,1566,1867,deliv,2018-02-28,卒業式,188cm,30.5cm,,"安心パックに加入する(+1,080円)",,,,,,86400.00,4,4,30代
606,966,1568,2104,deliv,2018-03-07,卒業式,189cm,31.0cm,,,,,,,,37800.00,4,4,20代
607,967,1569,482,visit,2018-02-22,卒業式,189cm,30.5cm,,"安心パックに加入する(+1,080円)",希望しない,希望しない,,8:00,横浜店,43200.00,4,4,20代
608,967,1571,469,visit,2018-02-28,卒業式,189cm,30.5cm,,,希望しない,希望しない,,8:30,横浜店,32400.00,4,4,20代
609,968,1573,712,deliv,2018-02-28,その他,190cm以上,31.5cm,,,,,,,,48600.00,4,4,10代以下
610,970,1575,359,deliv,2018-02-28,その他,189cm,31.5cm,,,,,,,,32400.00,4,4,10代以下
611,972,1577,1729,visit,2018-02-28,その他,190cm以上,31.5cm,,,希望しない,希望しない,,7:30,渋谷本店,43200.00,4,4,10代以下
612,973,1579,712,deliv,2018-02-21,花火大会・お祭りなど,190cm以上,31.0cm,,,,,,,,48600.00,4,4,10代以下
613,973,1580,2687,deliv,2018-02-27,結婚式,189cm,31.0cm,,,,,,,,39960.00,4,4,20代
614,974,1581,2175,deliv,2018-02-28,成人式,190cm以上,31.5cm,,,,,,,,54000.00,4,4,10代以下
615,974,1582,1867,deliv,2018-02-15,結婚式,190cm以上,31.5cm,,,,,,,,86400.00,4,4,10代以下
616,975,1583,3621,visit,2019-08-03,お茶会,177cm,30.5cm,,,希望しない,希望しない,,15:00,渋谷本店,5000.00,4,4,30代
617,978,1586,2963,deliv,2018-02-21,成人式,186cm,31.0cm,,,,,,,,43200.00,4,4,30代
618,979,1587,2024,visit,2018-02-12,お宮参り,175cm,25.5cm,,"安心パックに加入する(+1,080円)",希望しない,希望しない,,13:30,渋谷本店,140400.00,4,4,20代
619,981,1592,2632,deliv,2018-02-12,入学式,183cm,26.5cm,,"安心パックに加入する(+1,080円)",,,,,,48600.00,4,4,30代
620,982,1594,720,visit,2018-02-13,パーティ（カジュアル）,182cm,30.5cm,,"安心パックに加入する(+1,080円)",希望しない,"ヘアセット5,400円",,9:00,渋谷本店,86400.00,4,4,10代以下
621,982,1596,332,visit,2018-02-13,卒業式,183cm,26.5cm,,,希望しない,希望しない,,10:30,銀座店,43200.00,4,4,20代
622,982,1597,3078,visit,2018-02-13,卒業式,189cm,30.0cm,,,希望する,希望しない,,11:30,池袋店,27000.00,4,4,20代
623,983,1599,2191,deliv,2019-08-01,七五三,187cm,30.5cm,,,,,,,,108000.00,4,4,30代
624,983,1600,349,deliv,2019-06-13,入学式,188cm,30.0cm,,,,,,,,75600.00,4,4,50代
625,984,1601,2948,deliv,2018-02-28,その他,190cm以上,31.5cm,,,,,,,,43200.00,4,4,10代以下
626,985,1602,2948,deliv,2018-02-21,その他,190cm以上,31.5cm,,,,,,,,43200.00,4,4,10代以下
627,986,1603,2174,deliv,2018-03-01,卒業式,189cm,30.5cm,,,,,,,,54000.00,4,4,30代
628,987,1604,494,visit,2018-02-17,入学式,178cm,25.0cm,,,希望しない,希望しない,,9:00,横浜店,48600.00,4,4,20代
629,987,1605,3510,visit,2018-03-02,卒業式,175cm,24.0cm,,,希望しない,希望しない,,9:00,渋谷本店,10800.00,4,4,20代
630,988,1607,2209,visit,2018-02-28,その他,153cm,24.0cm,,,希望しない,希望しない,,10:30,渋谷本店,102600.00,4,4,20代
631,989,1609,3135,visit,2018-03-10,結婚式,190cm以上,31.5cm,,,希望しない,希望しない,,7:30,渋谷本店,43200.00,4,4,30代
632,990,1611,2651,visit,2018-02-24,卒業式,174cm,23.5cm,,,希望しない,希望しない,,8:30,渋谷本店,21600.00,4,4,30代
633,991,1613,2175,visit,2018-03-10,結婚式,189cm,31.5cm,,,希望しない,希望しない,,7:30,渋谷本店,54000.00,4,4,10代以下
634,992,1615,2711,deliv,2018-02-28,結婚式,190cm以上,31.0cm,,,,,,,,43200.00,4,4,10代以下
635,993,1616,2174,visit,2018-03-10,結婚式,190cm以上,31.5cm,,,希望しない,希望しない,,7:30,渋谷本店,54000.00,4,4,10代以下
636,994,1618,3400,visit,2018-02-28,成人式,190cm以上,30.5cm,,,希望しない,希望しない,,7:30,渋谷本店,64800.00,4,4,10代以下
637,995,1620,2956,deliv,2018-05-18,結婚式,190cm以上,31.5cm,,,,,,,,43200.00,4,4,10代以下
638,996,1621,629,visit,2018-04-20,結婚式,190cm以上,31.0cm,,,希望しない,希望しない,,7:30,渋谷本店,43200.00,4,4,10代以下
639,997,1623,2956,visit,2018-04-19,結婚式,190cm以上,31.5cm,,,希望しない,希望しない,,7:30,渋谷本店,43200.00,4,4,10代以下
640,9971,16241,6291,visit,2018-04-21,結婚式,190cm以上,31.5cm,,"安心パックに加入する(+1,080円)",希望しない,希望しない,,7:30,渋谷本店,43200.00,4,4,10代以下
641,998,1627,3387,visit,2018-06-30,結婚式,190cm以上,31.5cm,,,希望しない,希望しない,,7:30,渋谷本店,162000.00,4,4,10代以下
642,998,1628,472,visit,2018-06-30,結婚式,190cm以上,31.5cm,,,希望しない,希望しない,,7:30,渋谷本店,43200.00,4,4,10代以下
643,999,1630,3387,visit,2018-06-25,成人式,175cm,26.0cm,,,希望しない,"【7・8月利用限定】ヘアセット（浴衣・小紋）2,160円",,9:00,銀座店,162000.00,4,4,30代
644,1000,1632,410,visit,2018-07-26,成人式,178cm,27.5cm,,,希望しない,希望しない,,8:00,渋谷本店,48600.00,4,4,20代
645,1001,1634,2927,visit,2018-07-16,卒業式,150cm,21.0cm,,,希望しない,希望しない,,10:30,池袋店,21600.00,4,4,10代以下
646,1002,1636,2174,deliv,2018-07-20,結婚式,167cm,25.5cm,,,,,,,,54000.00,4,4,10代以下
647,1003,1637,720,visit,2018-07-27,結婚式,176cm,25.0cm,,,希望しない,希望しない,,7:30,池袋店,86400.00,4,4,10代以下
648,1004,1639,2353,visit,2018-07-27,結婚式,177cm,26.0cm,,,希望しない,希望しない,,8:30,渋谷本店,10800.00,4,4,10代以下
649,1005,1640,1121,visit,2018-07-31,お茶会,178cm,27.5cm,,,希望しない,希望しない,,11:30,渋谷本店,21600.00,4,4,10代以下
650,1006,1642,3514,visit,2018-07-29,成人式,188cm,27.5cm,,,希望しない,希望しない,,9:00,浴衣を所属店舗で着付ける,48600.00,4,4,10代以下
651,1007,1644,2543,visit,2018-08-17,卒業式,183cm,28.0cm,,,希望しない,希望しない,,9:30,横浜店,43200.00,4,4,20代
652,1008,1646,990,visit,2018-10-12,卒業式,179cm,25.5cm,,,希望しない,希望しない,,9:00,渋谷本店,8640.00,4,4,20代
653,1009,1647,2835,visit,2018-08-31,入学式,181cm,28.0cm,,,希望しない,希望しない,,9:30,渋谷本店,16200.00,4,4,30代
654,1010,1648,2567,visit,2018-08-24,入学式,177cm,28.5cm,,,希望する,"【7・8月利用限定】ヘアセット（浴衣・小紋）2,160円",,10:30,浴衣を所属店舗で着付ける,37800.00,4,4,50代
655,1011,1650,1807,visit,2018-10-04,卒業式,180cm,27.5cm,,,希望しない,希望しない,,13:30,渋谷本店,10800.00,4,4,40代
656,1012,1651,3011,visit,2018-09-08,卒業式,184cm,27.0cm,,,希望しない,希望しない,,9:00,渋谷本店,10800.00,4,4,20代
657,1013,1652,704,visit,2018-07-27,卒業式,169cm,22.0cm,,,希望しない,希望しない,,9:00,渋谷本店,32400.00,4,4,20代
658,1014,1654,3473,visit,2018-07-16,卒業式,175cm,27.5cm,,,希望しない,希望しない,,9:00,池袋店,91800.00,4,4,10代以下
659,1016,1658,3621,visit,2018-07-20,卒業式,189cm,31.0cm,,,希望しない,希望しない,,10:00,渋谷本店,5000.00,4,4,30代
660,1017,1659,3637,visit,2020-01-01,結婚式,189cm,31.5cm,,,希望しない,希望しない,,7:30,銀座店,30000.00,4,4,20代
661,1018,1661,1134,visit,2020-01-01,成人式,189cm,31.0cm,,,希望しない,希望しない,,7:30,銀座店,37800.00,4,4,20代
662,1019,1663,937,visit,2020-01-01,成人式,188cm,31.0cm,,,希望しない,希望しない,,7:30,渋谷本店,27000.00,4,4,40代
663,1020,1665,3637,visit,2018-10-23,結婚式,189cm,31.0cm,,,希望しない,希望しない,,8:00,渋谷本店,30000.00,4,4,10代以下
664,1021,1667,3408,visit,2018-10-26,成人式,189cm,31.0cm,,,希望する,"ヘアセット（浴衣・小紋）3,240円",,8:00,渋谷本店,86400.00,4,4,20代
665,1022,1669,3637,visit,2018-10-15,結婚式,189cm,31.0cm,,,希望しない,希望しない,,8:00,渋谷本店,30000.00,4,4,10代以下
666,1023,1671,3637,deliv,2018-10-30,成人式,188cm,31.5cm,,,,,,,,30000.00,4,4,10代以下
667,1024,1672,384,visit,2018-10-13,結婚式,190cm以上,31.5cm,,,希望しない,希望しない,,8:30,銀座店,64800.00,4,4,10代以下
668,1025,1674,3414,visit,2018-10-25,結婚式,190cm以上,31.5cm,,,希望しない,希望しない,,8:00,渋谷本店,37800.00,4,4,50代
669,1026,1676,3637,visit,2018-11-04,卒業式,188cm,31.0cm,,,希望しない,希望しない,,8:00,渋谷本店,30000.00,4,4,10代以下
670,1027,1678,3637,deliv,2018-11-09,成人式,189cm,31.0cm,,,,,,,,30000.00,4,4,20代
671,1028,1679,3637,visit,2018-11-14,結婚式,186cm,30.5cm,,,希望しない,希望しない,,8:00,横浜店,30000.00,4,4,20代
672,1030,1682,3637,visit,2018-11-20,入学式,190cm以上,31.5cm,,,希望しない,希望しない,,8:00,渋谷本店,30000.00,4,4,20代
673,1034,1689,3341,visit,2019-03-26,卒業式,165cm,24.5cm,,,希望しない,"ヘアセット5,400円",,8:30,渋谷本店,39960.00,4,4,20代
674,1036,1692,3510,visit,2019-03-15,七五三,161cm,23.0cm,"[""\u624b\u304c\u9577\u3044"",""\u3075\u304f\u3088\u304b""]","安心パックに加入する(+1,080円)",希望する,"ヘアセット（浴衣・小紋）3,240円",,12:00,渋谷本店,10800.00,4,4,20代
675,1041,1699,2341,deliv,2019-03-30,入学式,188cm,28.0cm,,,,,,,,140400.00,4,4,10代以下
676,1042,1700,2585,visit,2020-05-01,その他,189cm,31.0cm,,,希望する,希望しない,,13:00,渋谷本店,43200.00,4,4,10代以下
677,1043,1702,2684,visit,2020-03-04,その他,190cm以上,31.5cm,,,希望する,"ヘアセット5,400円",,13:00,池袋店,36720.00,4,4,10代以下
678,1045,1705,2058,visit,2019-04-10,成人式,189cm,31.0cm,,,"ロケーションフォト 32,400円",希望しない,,7:30,銀座店,27000.00,4,4,20代
679,1046,1707,2011,visit,2019-04-22,花火大会・お祭りなど,162cm,24.5cm,,,希望しない,"ヘアセット（浴衣・小紋）3,240円",,14:30,渋谷本店,8640.00,4,4,20代
680,1048,1709,1980,visit,2019-04-04,花火大会・お祭りなど,162cm,24.5cm,,,希望しない,"ヘアセット（浴衣・小紋）3,240円",,15:30,渋谷本店,8640.00,4,4,20代
681,1054,1718,494,deliv,2019-04-10,結婚式,160cm,22.0cm,,,希望しない,希望しない,,7:30,渋谷本店,48600.00,4,4,20代
682,1063,1728,2176,visit,2019-04-21,結婚式,188cm,30.5cm,,,"スタジオ撮影 6,000円〜","ヘアセット（浴衣・小紋）3,240円",,12:00,池袋店,43200.00,4,4,20代
683,1064,1730,2194,visit,2019-05-22,入学式,188cm,30.5cm,"[""\u624b\u304c\u9577\u3044"",""\u3075\u304f\u3088\u304b""]",,希望しない,希望しない,,9:00,渋谷本店,108000.00,4,4,30代
684,1082,1749,3633,fitting,2019-06-11,卒業式,189cm,31.0cm,,,,,,,,30000.00,4,4,10代以下
685,1083,1750,413,fitting,2019-05-13,卒業式,190cm以上,31.5cm,,,,,,,,86400.00,4,4,10代以下
686,1084,1751,2176,fitting,2019-05-22,卒業式,187cm,30.5cm,,,,,,,,43200.00,4,4,30代
687,1085,1752,2198,fitting,2019-05-28,成人式,187cm,30.5cm,,,,,,,,108000.00,4,4,20代
688,1088,1755,1865,deliv,2019-05-30,卒業式,188cm,30.0cm,,,,,,,,86400.00,4,4,30代
689,1090,1758,3503,fitting,2019-05-29,七五三,162cm,22.0cm,,,,,,,,70200.00,4,4,30代
690,1091,1759,2594,deliv,2019-05-29,パーティ（フォーマル）,160cm,22.0cm,,,希望しない,希望しない,,7:30,渋谷本店,48600.00,4,4,30代
691,1091,1760,504,deliv,2019-05-28,お宮参り,165cm,21.5cm,,,希望しない,希望しない,,7:30,渋谷本店,48600.00,4,4,20代
692,1092,1761,467,fitting,2019-05-29,七五三,185cm,28.0cm,,,,,,,,54000.00,4,4,50代
693,1092,1762,3505,fitting,2019-05-27,結納,165cm,25.5cm,,,,,,,,59400.00,4,4,20代
694,1097,1768,2157,deliv,2019-05-31,パーティ（フォーマル）,170cm,23.5cm,"[""\u624b\u304c\u9577\u3044""]",,,,,,,108000.00,4,4,20代
695,1098,1769,3637,visit,2019-05-31,パーティ（カジュアル）,166cm,23.5cm,"[""\u624b\u304c\u9577\u3044""]","安心パックに加入する(+1,080円)",希望しない,希望しない,,10:00,銀座店,30000.00,4,4,20代
696,1099,1772,3647,deliv,2019-06-04,七五三,156cm,20.0cm,,"安心パックに加入する(+1,080円)",,,,,,100000.00,4,4,10代以下
697,1100,1774,467,fitting,2019-06-05,パーティ（フォーマル）,168cm,23.0cm,"[""\u624b\u304c\u9577\u3044""]",,,,,,,54000.00,4,4,20代
698,1101,1775,3633,fitting,2019-06-27,七五三,190cm以上,23.5cm,"[""\u624b\u304c\u9577\u3044"",""\u3075\u304f\u3088\u304b""]",,,,,,,30000.00,4,4,20代
699,1102,1776,484,fitting,2019-06-22,入学式,174cm,27.5cm,,,,,,,,54000.00,4,4,30代
700,1104,1778,2172,visit,2020-06-10,結婚式,189cm,31.0cm,,,希望しない,希望しない,,8:00,銀座店,64800.00,4,4,20代
701,1105,1780,3637,visit,2020-02-25,成人式,190cm以上,30.5cm,,,希望しない,希望しない,,7:30,渋谷本店,30000.00,4,4,20代
702,1106,1782,463,fitting,2019-06-23,その他,181cm,27.0cm,,,,,,,,32400.00,4,4,40代
703,1106,1783,510,fitting,2019-06-23,その他,183cm,28.0cm,,,,,,,,37800.00,4,4,40代
704,1108,1785,713,deliv,2019-06-23,七五三,183cm,28.0cm,,,,,,,,27000.00,4,4,50代
705,1110,1787,2690,deliv,2019-07-05,入学式,189cm,30.0cm,,,,,,,,36720.00,4,4,20代
706,1111,1788,3621,visit,2019-06-26,結婚式,190cm以上,31.5cm,,,希望しない,希望しない,,7:30,渋谷本店,5000.00,4,4,10代以下
707,1117,1794,402,fitting,2019-07-11,結婚式,189cm,29.5cm,"[""\u624b\u304c\u9577\u3044""]",,,,,,,118800.00,4,4,20代
708,1118,1795,3490,fitting,2019-07-05,結婚式,185cm,29.5cm,"[""\u624b\u304c\u9577\u3044""]",,,,,,,8000.00,4,4,20代
709,1119,1796,3507,deliv,2019-07-05,結婚式,182cm,29.0cm,"[""\u624b\u304c\u9577\u3044"",""\u3075\u304f\u3088\u304b""]",,,,,,,86400.00,4,4,20代
710,1120,1797,3637,visit,2021-01-01,花火大会・お祭りなど,190cm以上,31.0cm,,,希望しない,"【7・8月利用限定】ヘアセット（浴衣・小紋）2,160円",,10:00,池袋店,30000.00,4,4,10代以下
711,1121,1799,403,deliv,2019-06-28,成人式,188cm,30.0cm,"[""\u624b\u304c\u9577\u3044""]",,,,,,,129600.00,4,4,30代
712,1122,1800,400,deliv,2019-07-10,七五三,189cm,31.5cm,"[""\u3075\u304f\u3088\u304b""]",,,,,,,108000.00,4,4,40代
713,1123,1801,2171,fitting,2019-07-10,成人式,188cm,30.5cm,"[""\u3075\u304f\u3088\u304b""]",,,,,,,75600.00,4,4,20代
714,1124,1802,2703,deliv,2019-07-10,結婚式,187cm,30.0cm,"[""\u624b\u304c\u9577\u3044""]",,,,,,,43200.00,4,4,20代
715,1125,1803,3411,"deliv deli",2019-07-10,成人式,189cm,29.5cm,,,,,,,,43200.00,4,4,20代
716,1126,1804,2703,"deliv deli",2019-07-20,成人式,187cm,30.0cm,"[""\u624b\u304c\u9577\u3044""]",,,,,,,43200.00,4,4,20代
717,1127,1805,467,fitting,2019-08-11,入学式,173cm,28.5cm,"[""\u624b\u304c\u9577\u3044""]",,,,,,,54000.00,4,4,20代
718,1128,1806,936,fitting,2019-07-14,入学式,176cm,25.0cm,"[""\u3075\u304f\u3088\u304b""]",,,,,,,21600.00,4,4,20代
719,1129,1807,2652,deliv,2019-07-14,パーティ（フォーマル）,172cm,25.5cm,"[""\u624b\u304c\u9577\u3044""]",,,,,,,9720.00,4,4,20代
720,1130,1808,3412,deliv,2019-07-14,七五三,183cm,28.5cm,"[""\u624b\u304c\u9577\u3044""]",,,,,,,48600.00,4,4,20代
721,1131,1809,325,fitting,2019-07-14,七五三,178cm,28.0cm,"[""\u624b\u304c\u9577\u3044""]",,,,,,,37800.00,4,4,20代
722,1132,1810,713,deliv,2019-07-14,入学式,174cm,25.5cm,"[""\u624b\u304c\u9577\u3044""]",,,,,,,27000.00,4,4,40代
723,1133,1811,2855,fitting,2019-08-10,七五三,186cm,29.0cm,"[""\u3075\u304f\u3088\u304b""]",,,,,,,9720.00,4,4,40代
724,1134,1812,2855,deliv,2019-07-10,七五三,187cm,30.5cm,,,,,,,,9720.00,4,4,50代
725,1135,1813,2855,fitting,2019-09-10,七五三,188cm,30.0cm,,,,,,,,9720.00,4,4,40代
726,1135,1814,2652,fitting,2019-08-10,七五三,186cm,29.5cm,,,,,,,,9720.00,4,4,40代
727,1136,1815,3387,visit,2019-07-10,成人式,190cm以上,31.0cm,,,希望しない,希望しない,,8:00,横浜店,162000.00,4,4,20代
728,1137,1817,3387,deliv,2019-07-24,卒業式,187cm,30.5cm,,,,,,,,162000.00,4,4,30代
729,1139,1820,2171,deliv,2019-08-21,成人式,188cm,31.0cm,,,,,,,,75600.00,4,4,20代
730,1140,1821,2171,fitting,2019-09-21,入学式,189cm,31.0cm,,,,,,,,75600.00,4,4,20代
731,1141,1822,3411,deliv,2019-07-20,卒業式,183cm,27.5cm,,,,,,,,43200.00,4,4,20代
732,1142,1823,3411,fitting,2019-08-10,卒業式,183cm,28.0cm,,,,,,,,43200.00,4,4,20代
733,1143,1824,2656,fitting,2019-07-21,成人式,188cm,31.0cm,,,,,,,,21600.00,4,4,10代以下
734,1144,1825,2653,fitting,2019-07-21,成人式,188cm,30.0cm,,,,,,,,21600.00,4,4,20代
735,1145,1826,2649,deliv,2019-07-21,卒業式,190cm以上,30.5cm,,,,,,,,21600.00,4,4,10代以下
736,1146,1827,2650,deliv,2019-07-21,成人式,189cm,30.0cm,,,希望しない,希望しない,,7:30,渋谷本店,21600.00,4,4,30代
737,1147,1828,2211,deliv,2019-09-20,成人式,189cm,30.5cm,,,,,,,,75600.00,4,4,30代
738,1148,1829,401,deliv,2019-08-20,成人式,171cm,25.5cm,"[""\u624b\u304c\u9577\u3044""]",,希望しない,希望しない,,7:30,渋谷本店,108000.00,4,4,20代
739,1149,1830,2171,deliv,2020-08-23,結婚式,189cm,31.5cm,,,,,,,,75600.00,4,4,20代
740,1150,1831,784,deliv,2019-08-30,結婚式,188cm,30.5cm,,,,,,,,86400.00,4,4,30代
741,1151,1832,3398,fitting,2019-09-26,入学式,190cm以上,30.5cm,"[""\u624b\u304c\u9577\u3044""]",,,,,,,48600.00,4,4,20代
742,1153,1834,2308,deliv,2019-08-30,お宮参り,188cm,30.5cm,,,,,,,,10800.00,4,4,20代
743,1154,1835,2211,deliv,2019-08-31,卒業式,186cm,28.5cm,,,,,,,,75600.00,4,4,20代
744,1155,1836,2703,fitting,2019-08-31,卒業式,175cm,26.5cm,"[""\u624b\u304c\u9577\u3044""]",,,,,,,43200.00,4,4,20代
745,1156,1837,1608,deliv,2020-01-01,結婚式,190cm以上,31.5cm,"[""\u624b\u304c\u9577\u3044"",""\u3075\u304f\u3088\u304b""]",,,,,,,27000.00,4,4,10代以下
746,1157,1838,1608,fitting,2020-01-05,結婚式,190cm以上,31.5cm,"[""\u624b\u304c\u9577\u3044""]",,,,,,,27000.00,4,4,10代以下
747,1158,1839,2643,fitting,2019-08-31,七五三,183cm,30.0cm,,,,,,,,48600.00,4,4,40代
748,1159,1840,2643,deliv,2019-09-06,卒業式,188cm,30.5cm,,,希望しない,希望しない,,7:30,渋谷本店,48600.00,4,4,50代
749,1160,1841,2781,deliv,2019-09-19,入学式,190cm以上,30.0cm,,,,,,,,9720.00,4,4,50代
750,1161,1842,3516,deliv,2019-09-25,結納,184cm,28.0cm,"[""\u624b\u304c\u9577\u3044""]",,,,,,,37800.00,4,4,40代
751,1162,1843,310,deliv,2020-01-01,結婚式,190cm以上,31.5cm,"[""\u624b\u304c\u9577\u3044""]",,,,,,,43200.00,4,4,10代以下
752,1163,1844,2308,deliv,2019-12-24,その他,169cm,26.5cm,,,,,,,,10800.00,4,4,20代
753,1165,1846,1127,deliv,2020-05-05,結納,166cm,23.0cm,"[""\u3075\u304f\u3088\u304b""]",,,,,,,27000.00,4,4,40代
754,1165,1847,754,deliv,2020-05-20,お宮参り,80cm以下,31.5cm,,,,,,,,10800.00,4,4,10代以下
755,1166,1848,1092,deliv,2020-01-04,七五三,130cm,15.5cm,,,,,,,,10800.00,4,4,10代以下
756,1167,1849,2594,deliv,2019-10-23,入学式,186cm,28.5cm,"[""\u624b\u304c\u9577\u3044""]",,,,,,,48600.00,4,4,50代
757,1168,1850,474,fitting,2019-10-23,入学式,187cm,24.5cm,,,,,,,,32400.00,4,4,50代
758,1168,1851,469,fitting,2019-10-23,入学式,181cm,29.0cm,,,,,,,,32400.00,4,4,50代
759,1169,1852,2201,visit,2019-09-26,お宮参り,189cm,31.0cm,,,希望しない,希望しない,,8:00,池袋店,59400.00,4,4,30代
760,1170,1854,2693,visit,2019-09-08,結婚式,190cm以上,31.5cm,"[""\u3075\u304f\u3088\u304b""]","安心パックに加入する(+1,080円)",希望しない,"【7・8月利用限定】ヘアセット（浴衣・小紋）2,160円",,7:30,渋谷本店,43200.00,4,4,10代以下
761,1182,1879,404,deliv,2019-09-15,成人式,189cm,31.5cm,,,,,,,,97200.00,4,4,30代
762,1185,1882,2202,visit,2019-10-30,入学式,188cm,30.5cm,,,希望しない,希望しない,,8:00,池袋店,108000.00,4,4,30代
763,1187,1886,2202,visit,2019-10-16,成人式,189cm,29.5cm,,,希望しない,希望しない,,8:00,池袋店,108000.00,4,4,30代
764,1188,1888,331,visit,2019-10-20,入学式,189cm,30.5cm,,,希望しない,希望しない,,8:00,銀座店,162000.00,4,4,50代
765,1189,1890,3398,visit,2019-10-23,七五三,188cm,29.5cm,,,希望しない,希望しない,,8:00,池袋店,48600.00,4,4,30代
766,1190,1892,2171,visit,2019-10-17,成人式,189cm,30.5cm,,,希望しない,希望しない,,8:30,池袋店,75600.00,4,4,30代
767,1191,1894,2171,visit,2019-10-24,入学式,188cm,30.0cm,,,希望しない,希望しない,,9:30,横浜店,75600.00,4,4,50代
768,1192,1896,401,deliv,2019-10-17,卒業式,190cm以上,30.5cm,,,,,,,,108000.00,4,4,30代
769,1193,1897,345,visit,2019-10-23,入学式,189cm,30.5cm,,,希望しない,希望しない,,10:00,池袋店,48600.00,4,4,30代
770,1194,1899,3404,visit,2019-10-25,成人式,189cm,30.0cm,,,希望しない,希望しない,,9:30,池袋店,108000.00,4,4,30代
771,1196,1904,345,deliv,2019-12-22,成人式,175cm,26.5cm,"[""\u624b\u304c\u9577\u3044""]",,,,,,,48600.00,4,4,30代
772,1197,1905,2211,visit,2019-12-20,結婚式,190cm以上,31.5cm,,,希望しない,希望しない,,7:30,渋谷本店,,4,30,10代以下
773,1198,1906,2211,visit,2019-12-31,結婚式,190cm以上,31.5cm,,,希望しない,希望しない,,7:30,渋谷本店,,4,4,10代以下
774,1205,1916,3397,visit,2020-02-20,卒業式,187cm,31.0cm,,,希望しない,希望しない,,9:30,渋谷本店,48600.00,4,4,20代
775,1207,1919,3637,visit,2020-10-28,卒業式,189cm,31.0cm,,,希望しない,希望しない,,8:00,渋谷本店,30000.00,4,4,50代
776,1209,1922,3637,visit,2020-06-10,卒業式,187cm,30.5cm,,,希望しない,希望しない,,11:00,渋谷本店,30000.00,4,4,30代
777,1215,1930,3637,visit,2020-06-15,成人式,189cm,30.5cm,,,希望しない,希望しない,,11:00,銀座店,30000.00,4,4,20代
778,1216,1932,3635,visit,2020-06-17,卒業式,186cm,30.5cm,,,希望しない,希望しない,,11:00,渋谷本店,30000.00,4,4,30代
779,1217,1934,3637,deliv,2020-06-21,卒業式,189cm,31.0cm,,,希望しない,希望しない,,7:30,渋谷本店,30000.00,4,4,20代
780,1219,1937,3637,visit,2020-06-29,成人式,190cm以上,31.5cm,,,希望しない,希望しない,,8:30,渋谷本店,30000.00,4,4,10代以下
781,1219,1938,2607,visit,2020-06-18,卒業式,189cm,31.0cm,,,希望しない,希望しない,,8:30,銀座店,54000.00,4,4,20代
782,1222,1943,2174,visit,2020-06-30,結婚式,190cm以上,31.5cm,,,希望しない,希望しない,,7:30,渋谷本店,,4,4,10代以下
783,1223,1945,2201,visit,2020-06-30,結婚式,190cm以上,31.5cm,,,希望しない,希望しない,,7:30,渋谷本店,,4,4,10代以下
784,1224,1946,3637,visit,2020-08-01,卒業式,179cm,27.0cm,,,希望しない,希望しない,,8:30,渋谷本店,30000.00,4,4,40代
785,1225,1948,3633,deliv,2020-07-01,卒業式,186cm,30.0cm,,,,,,,,30000.00,4,4,30代
786,1226,1949,1084,deliv,2020-07-01,成人式,187cm,29.0cm,,,,,,,,205200.00,4,4,50代
787,1229,1952,2791,visit,2020-07-05,成人式,188cm,31.5cm,,,希望しない,希望しない,,8:30,渋谷本店,54000.00,4,4,20代
788,1232,1956,356,visit,2020-07-06,卒業式,188cm,30.5cm,,,希望しない,希望しない,,8:00,渋谷本店,32400.00,4,4,20代
789,1234,1959,2172,visit,2020-08-01,成人式,190cm以上,31.0cm,,,希望しない,希望しない,,8:00,渋谷本店,64800.00,4,4,10代以下
790,1235,1961,3648,visit,2020-08-01,成人式,190cm以上,31.5cm,,,希望しない,希望しない,,9:00,渋谷本店,100000.00,4,4,20代
791,1237,1964,2279,visit,2020-12-02,結婚式,190cm以上,31.5cm,,"安心パックに加入する(+1,000円+税)",希望しない,希望しない,,7:30,渋谷本店,,4,4,10代以下
792,1238,1965,2279,visit,2020-12-02,結婚式,190cm以上,31.5cm,,"安心パックに加入する(+1,000円+税)",希望しない,希望しない,,7:30,渋谷本店,,4,4,10代以下
793,1239,1968,3633,visit,2021-02-25,結婚式,190cm以上,31.5cm,"[""\u624b\u304c\u9577\u3044""]",,希望しない,希望しない,,7:30,渋谷本店,30000.00,4,4,20代
794,1240,1970,3637,visit,2021-02-27,結婚式,190cm以上,31.5cm,,"安心パックに加入する(+1,000円+税)",希望しない,希望しない,,7:30,渋谷本店,30000.00,4,4,10代以下
795,1241,1973,2191,deliv,2021-03-16,結婚式,190cm以上,22.5cm,,,,,,,,108000.00,4,4,20代
796,1243,1975,2607,fitting,2021-04-14,成人式,180cm,29.0cm,,,,,,,,54000.00,4,4,10代以下
797,1244,1976,3633,deliv,2021-04-10,結婚式,190cm以上,31.5cm,,,,,,,,30000.00,4,4,10代以下
798,1245,1977,3637,visit,2021-04-10,結婚式,190cm以上,31.5cm,,,希望しない,希望しない,,7:30,銀座店,30000.00,4,4,10代以下
799,1246,1979,3637,visit,2021-04-24,結婚式,190cm以上,31.5cm,,,希望しない,希望しない,,7:30,渋谷本店,30000.00,4,4,10代以下
800,1247,1981,784,visit,2021-04-10,結婚式,190cm以上,31.5cm,,,希望しない,希望しない,,7:30,渋谷本店,86400.00,4,4,10代以下
801,1248,1983,2685,visit,2021-04-20,結婚式,190cm以上,31.5cm,,,希望しない,希望しない,,7:30,渋谷本店,,4,4,10代以下
802,1249,1984,3637,visit,2021-05-10,七五三,186cm,30.0cm,,,希望しない,希望しない,,9:00,池袋店,30000.00,4,4,60代以上
803,1250,1986,3637,visit,2021-05-22,結婚式,190cm以上,31.5cm,,,希望しない,希望しない,,7:30,渋谷本店,30000.00,4,4,10代以下
804,1251,1988,3637,visit,2021-06-05,結婚式,190cm以上,31.5cm,,,希望しない,希望しない,,7:30,渋谷本店,30000.00,4,4,10代以下
805,1253,1991,1604,fitting,2021-06-05,結婚式,190cm以上,31.5cm,,,,,,,,27000.00,4,4,10代以下
806,1252,1990,1608,deliv,2021-06-05,結婚式,190cm以上,31.5cm,,,,,,,,27000.00,4,4,10代以下
807,1254,1992,1117,visit,2021-06-05,結婚式,190cm以上,31.0cm,,,希望しない,希望しない,,8:00,銀座店,21600.00,4,4,10代以下
808,1255,1994,1118,visit,2021-06-05,結婚式,190cm以上,31.5cm,,,希望しない,希望しない,,7:30,銀座店,21600.00,3,3,10代以下
809,1256,1996,1119,deliv,2021-06-05,成人式,189cm,31.5cm,,,,,,,,21600.00,3,3,30代
810,1257,1997,3635,visit,2021-06-05,結婚式,190cm以上,31.5cm,,,希望しない,希望しない,,7:30,渋谷本店,30000.00,3,3,10代以下
811,1259,2001,3637,visit,2021-06-10,結婚式,158cm,21.5cm,,,希望しない,希望しない,,12:00,銀座店,30000.00,3,3,20代
812,1260,2003,3621,visit,2021-06-15,その他,150cm,20.0cm,,,希望しない,希望しない,,12:00,渋谷本店,5000.00,3,3,30代
813,1261,2004,3634,visit,2021-06-20,結婚式,160cm,22.0cm,,,希望しない,希望しない,,10:00,銀座店,2000.00,3,3,40代
814,1262,2005,3634,visit,2021-06-10,成人式,157cm,22.0cm,,,希望しない,希望しない,,13:00,銀座店,2000.00,3,3,30代
815,1263,2006,3634,visit,2021-06-15,結婚式,151cm,21.0cm,,,希望しない,希望しない,,10:00,銀座店,2000.00,3,3,30代
816,1264,2007,3633,visit,2021-06-05,結婚式,190cm以上,31.5cm,,"安心パックに加入する(+1,000円+税)",希望しない,希望しない,,7:30,渋谷本店,30000.00,3,3,10代以下
817,1265,2010,3650,deliv,2021-06-15,卒業式,157cm,20.5cm,"[""\u624b\u304c\u9577\u3044""]",,,,,,,50000.00,4,4,20代
818,1267,2012,3652,visit,2021-06-20,結婚式,160cm,22.0cm,"[""\u624b\u304c\u9577\u3044""]",,希望しない,希望しない,,10:30,銀座店,9000.00,3,3,20代
819,1268,2013,3651,visit,2021-06-15,結婚式,175cm,25.0cm,"[""\u624b\u304c\u9577\u3044""]",,希望しない,希望しない,,10:00,渋谷本店,20000.00,3,3,30代
820,1269,2015,3651,visit,2021-06-08,七五三,155cm,29.5cm,,,希望しない,希望しない,,11:30,渋谷本店,20000.00,3,3,40代
821,1270,2017,3651,visit,2021-06-19,入学式,161cm,18.5cm,,,希望しない,希望しない,,9:00,渋谷本店,20000.00,3,3,40代
822,1271,2019,3651,visit,2021-06-19,卒業式,155cm,22.0cm,,,希望しない,希望しない,,8:30,池袋店,20000.00,3,3,30代
823,1272,2021,3637,visit,2021-06-20,結婚式,155cm,21.5cm,,,希望しない,希望しない,,11:00,銀座店,30000.00,3,3,30代
824,1273,2023,3637,visit,2021-07-10,結婚式,160cm,23.0cm,,,希望しない,希望しない,,11:00,銀座店,30000.00,3,3,30代
825,1274,2025,3637,visit,2021-06-30,結婚式,190cm以上,31.5cm,,,希望しない,希望しない,,7:30,渋谷本店,30000.00,3,3,10代以下
826,1275,2027,3637,visit,2021-07-31,結婚式,190cm以上,31.5cm,,,希望しない,希望しない,,7:30,渋谷本店,30000.00,3,3,10代以下
827,1276,2029,463,visit,2021-07-31,結婚式,190cm以上,31.5cm,,,希望しない,希望しない,,7:30,渋谷本店,32400.00,3,3,10代以下
828,1281,2038,2172,visit,2021-08-31,結婚式,190cm以上,31.5cm,,,希望しない,希望しない,,7:30,渋谷本店,64800.00,3,3,10代以下
829,1282,2040,2172,visit,2022-01-03,結婚式,190cm以上,31.5cm,,,希望しない,希望しない,,7:30,渋谷本店,64800.00,3,3,10代以下
830,1283,2042,2172,visit,2021-11-09,成人式,185cm,30.0cm,"[""\u624b\u304c\u9577\u3044""]","安心パックに加入する(+1,000円+税)",希望しない,希望しない,,9:30,渋谷本店,64800.00,3,3,20代
831,1284,2045,3648,deliv,2021-09-01,七五三,176cm,24.5cm,"[""\u3075\u304f\u3088\u304b""]",,,,,,,100000.00,3,3,40代
832,1285,2046,3412,visit,2021-08-31,成人式,178cm,26.0cm,,,希望しない,希望しない,,12:00,池袋店,48600.00,3,3,30代
833,1286,2048,3635,visit,2021-09-02,入学式,177cm,25.5cm,,,希望しない,希望しない,,13:00,渋谷本店,10000.00,3,3,20代
834,1287,2049,1722,visit,2021-09-04,入学式,178cm,23.0cm,,,希望する,"ヘアセット（浴衣・小紋）3,300円（税込）",,11:00,横浜店,43200.00,3,3,30代
835,1288,2051,1722,visit,2021-08-31,七五三,178cm,26.0cm,,,希望しない,希望しない,,15:30,池袋店,43200.00,3,3,20代
836,1289,2053,1722,visit,2021-09-15,入学式,179cm,25.5cm,,,希望しない,希望しない,,10:00,銀座店,43200.00,3,3,20代
837,1291,2056,3647,visit,2021-08-31,お茶会,176cm,26.0cm,,,希望しない,希望しない,,12:00,池袋店,100000.00,3,3,10代以下
838,1293,2059,350,deliv,2021-08-31,お宮参り,175cm,23.5cm,,,,,,,,37800.00,3,3,20代
839,1294,2060,3653,visit,2021-08-31,入学式,185cm,27.0cm,,,希望しない,希望しない,,13:00,池袋店,50005.00,3,3,40代
840,1295,2062,3653,visit,2021-09-04,結納,185cm,27.0cm,,,希望しない,希望しない,,12:00,横浜店,4000.00,3,3,40代
841,1297,2065,3634,visit,2021-09-15,卒業式,178cm,30.0cm,,,希望しない,希望しない,,9:00,銀座店,2000.00,3,3,30代
842,1298,2066,3648,visit,2021-09-20,卒業式,189cm,30.5cm,,,希望しない,希望しない,,10:00,浴衣を所属店舗で着付ける,100000.00,3,3,50代
843,1303,2074,3418,visit,2021-09-14,入学式,187cm,30.0cm,,,希望しない,希望しない,,8:30,横浜店,43200.00,3,3,20代
844,1306,2080,3502,visit,2021-09-22,卒業式,188cm,30.5cm,,,希望しない,希望しない,,8:30,池袋店,70200.00,3,3,20代
845,1307,2082,3502,visit,2021-09-15,卒業式,173cm,31.0cm,"[""\u624b\u304c\u9577\u3044"",""\u3075\u304f\u3088\u304b""]","安心パックに加入する(+1,000円+税)",希望する,"ヘアセット5,500円（税込）",,9:00,池袋店,70200.00,3,3,20代
846,1308,2085,3471,visit,2021-09-21,卒業式,185cm,29.5cm,,,希望しない,希望しない,,8:30,横浜店,108000.00,3,3,30代
847,1310,2089,2685,visit,2021-09-22,卒業式,187cm,30.0cm,,,希望しない,希望しない,,8:30,池袋店,43200.00,3,3,20代
848,1312,2093,2686,visit,2021-09-22,卒業式,187cm,29.5cm,,,希望しない,希望しない,,8:30,銀座店,43200.00,3,3,20代
849,1313,2095,3512,visit,2021-09-15,入学式,186cm,29.0cm,,,希望しない,希望しない,,10:00,渋谷本店,10800.00,3,3,30代
850,1315,2098,3637,visit,2021-09-30,結婚式,190cm以上,31.5cm,,,希望しない,希望しない,,7:30,渋谷本店,30000.00,3,3,10代以下
851,1316,2100,3633,deliv,2021-09-30,成人式,190cm以上,11.0cm,,,,,,,,30000.00,3,3,60代以上
852,1317,2101,3637,visit,2022-01-03,結婚式,190cm以上,31.5cm,,,希望しない,希望しない,,7:30,渋谷本店,30000.00,3,3,20代
853,1318,2103,3656,visit,2022-01-03,結婚式,190cm以上,31.5cm,,,希望しない,希望しない,,7:30,渋谷本店,20000.00,3,3,10代以下
854,1319,2105,3656,visit,2021-10-19,結婚式,183cm,24.5cm,"[""\u624b\u304c\u9577\u3044"",""\u3075\u304f\u3088\u304b""]",,希望しない,希望しない,,7:30,渋谷本店,20000.00,3,3,30代
855,1321,2108,3656,deliv,2021-10-27,結婚式,189cm,31.5cm,"[""\u624b\u304c\u9577\u3044""]",,,,,,,20000.00,3,3,10代以下
856,1322,2109,3656,deliv,2021-11-17,結婚式,190cm以上,31.5cm,"[""\u624b\u304c\u9577\u3044""]",,,,,,,20000.00,3,3,10代以下
857,1323,2110,2171,deliv,2021-11-11,結婚式,190cm以上,31.5cm,,,,,,,,75600.00,3,3,10代以下
858,1324,2111,2171,deliv,2022-01-03,成人式,190cm以上,31.5cm,,,,,,,,75600.00,3,3,10代以下
859,1325,2112,1608,visit,2021-11-10,結婚式,190cm以上,31.5cm,,,希望しない,希望しない,,8:00,銀座店,27000.00,3,3,10代以下
860,1326,2114,3656,visit,2021-12-30,結婚式,190cm以上,31.5cm,,,希望しない,希望しない,,7:30,渋谷本店,20000.00,3,3,10代以下
861,1328,2117,3656,visit,2021-11-06,結婚式,190cm以上,31.5cm,,,希望しない,希望しない,,7:30,渋谷本店,20000.00,3,3,10代以下
862,1329,2119,3656,visit,2021-10-31,結婚式,190cm以上,31.5cm,,,希望しない,希望しない,,7:30,渋谷本店,20000.00,3,3,10代以下
863,1330,2121,3656,visit,2021-11-30,結婚式,190cm以上,31.5cm,,,希望しない,希望しない,,7:30,渋谷本店,20000.00,3,3,10代以下
864,1332,2124,3656,visit,2021-12-11,結婚式,190cm以上,31.5cm,,,希望しない,希望しない,,7:30,渋谷本店,20000.00,3,3,10代以下
865,1333,2126,3656,visit,2021-11-26,結婚式,190cm以上,31.5cm,,,希望しない,希望しない,,7:30,渋谷本店,20000.00,3,3,10代以下
866,1334,2128,1722,visit,2021-11-03,パーティ（カジュアル）,175cm,23.5cm,,,希望しない,希望しない,,17:30,銀座店,43200.00,3,3,30代
867,1336,2131,3656,visit,2021-11-13,結婚式,190cm以上,31.5cm,,,希望しない,希望しない,,7:30,渋谷本店,20000.00,3,3,10代以下
868,1337,2133,3656,visit,2022-11-05,入学式,176cm,23.5cm,,,希望しない,希望しない,,9:30,渋谷本店,20000.00,3,3,20代
869,1338,2135,3656,deliv,2021-11-22,卒業式,159cm,24.0cm,,,,,,,,20000.00,4,4,20代
870,1339,2136,3656,visit,2021-12-07,結婚式,190cm以上,31.5cm,,,希望しない,希望しない,,7:30,渋谷本店,20000.00,3,3,10代以下
871,1341,2139,3656,visit,2022-01-20,結婚式,190cm以上,31.5cm,,,希望しない,希望しない,,7:30,渋谷本店,20000.00,5,5,10代以下
872,1342,2141,3648,visit,2021-12-20,結婚式,188cm,31.0cm,,,希望しない,希望しない,,11:30,渋谷本店,100000.00,7,5,20代
873,1343,2143,3648,deliv,2022-01-19,結婚式,188cm,30.5cm,,,,,,,,100000.00,3,3,40代
874,1345,2145,1134,deliv,2022-01-18,結婚式,188cm,30.5cm,,,,,,,,37800.00,4,4,10代以下
875,1346,2146,1134,deliv,2022-02-16,結婚式,189cm,31.0cm,,,,,,,,37800.00,4,5,10代以下
876,1347,2147,3648,deliv,2022-02-15,結婚式,189cm,31.5cm,,,,,,,,100000.00,4,5,20代
877,1348,2148,3648,deliv,2022-03-15,結婚式,190cm以上,31.5cm,,,,,,,,100000.00,3,3,10代以下
878,1349,2149,3648,deliv,2022-04-10,結婚式,189cm,31.5cm,,,,,,,,100000.00,4,5,10代以下
879,1350,2150,3637,visit,2022-01-15,結婚式,190cm以上,31.5cm,,,希望しない,希望しない,,7:30,渋谷本店,30000.00,10,10,10代以下
880,1351,2152,3413,visit,2021-12-20,結婚式,173cm,24.5cm,,,希望しない,希望しない,,7:30,横浜店,43200.00,8,3,10代以下
881,1352,2154,3413,visit,2021-12-16,結婚式,189cm,31.5cm,,,希望しない,希望しない,,7:30,渋谷本店,43200.00,3,3,10代以下
882,1356,2162,3647,deliv,2023-01-01,成人式,173cm,24.0cm,"[""\u624b\u304c\u9577\u3044"",""\u3075\u304f\u3088\u304b""]","安心パックに加入する(+1,000円+税)",,,,,,100000.00,4,3,20代
883,1357,2164,2685,visit,2022-12-31,結婚式,190cm以上,31.5cm,,,希望しない,希望しない,,19:30,渋谷本店,43200.00,3,3,10代以下
884,1358,2166,3150,visit,2022-03-23,パーティ（カジュアル）,168cm,29.5cm,,,希望しない,希望しない,,8:30,渋谷本店,10800.00,3,3,40代
885,1362,2171,2329,deliv,2022-03-31,成人式,160cm,26.5cm,,,,,,,,75600.00,3,3,30代
886,1365,2176,3656,visit,2022-10-07,結婚式,190cm以上,31.5cm,,,希望しない,希望しない,,7:30,渋谷本店,20000.00,3,3,10代以下
887,1366,2178,3047,visit,2024-02-01,結婚式,190cm以上,31.5cm,,,希望しない,希望しない,,7:30,渋谷本店,10800.00,3,3,10代以下
888,1369,2184,3656,visit,2022-12-31,結婚式,190cm以上,31.5cm,,,希望しない,希望しない,,7:30,渋谷本店,20000.00,3,3,10代以下
889,1372,2189,3656,visit,2022-12-27,結婚式,190cm以上,31.5cm,,,希望しない,希望しない,,7:30,渋谷本店,20000.00,3,3,10代以下
890,1374,2192,3656,visit,2022-12-23,結婚式,190cm以上,31.5cm,,,希望しない,希望しない,,7:30,銀座店,20000.00,3,3,10代以下
891,1377,2197,3656,visit,2024-07-31,結婚式,190cm以上,31.5cm,,,希望しない,希望しない,,7:30,銀座店,20000.00,3,3,10代以下
892,1378,2199,3502,deliv,2025-10-01,結婚式,190cm以上,31.5cm,,,,,,,,70200.00,3,3,10代以下
893,1379,2200,3411,visit,2025-02-28,結婚式,190cm以上,31.5cm,,,希望しない,希望しない,,7:30,渋谷本店,43200.00,3,3,10代以下
894,1381,2203,1459,visit,2023-08-04,お茶会,176cm,24.0cm,,,希望しない,希望しない,,15:30,渋谷本店,8640.00,9,3,30代
895,1382,2205,1974,visit,2023-08-04,花火大会・お祭りなど,174cm,23.5cm,,,希望しない,希望しない,,16:00,渋谷本店,8640.00,9,3,30代
896,1382,2206,1965,visit,2023-08-04,お茶会,188cm,30.0cm,,,希望しない,希望しない,,15:00,渋谷本店,8640.00,9,3,40代
897,1382,2207,1979,visit,2023-07-21,花火大会・お祭りなど,186cm,30.5cm,,,希望しない,希望しない,,14:30,渋谷本店,8640.00,9,3,40代
898,1386,2214,3656,visit,2023-10-06,結婚式,190cm以上,31.5cm,,,希望しない,希望しない,,7:30,渋谷本店,20000.00,3,3,10代以下
